Symbol,Average price,Average volume,Average no. of trades,Average deliverable qty,fromDate,toDate,NoOfDays
20MICRONS,31,123929,908,70267,2021-03-05,2020-03-05,365
21STCENMGM,11,3065,28,2691,2021-03-05,2020-03-05,365
3IINFOTECH,4,7639311,4506,4266988,2021-03-05,2020-03-05,365
3MINDIA,19980,6714,2585,4009,2021-03-05,2020-03-05,365
3PLAND,7,3775,23,3180,2021-03-05,2020-03-05,365
5PAISA,247,33131,1217,20081,2021-03-05,2020-03-05,365
63MOONS,72,96512,1562,55283,2021-03-05,2020-03-05,365
A2ZINFRA,4,422262,708,286589,2021-03-05,2020-03-05,365
AARON,51,13021,149,8680,2021-03-05,2020-11-06,119
AARTIDRUGS,1134,435442,22430,150521,2021-03-05,2020-03-05,365
AARTIIND,1049,415740,20260,215705,2021-03-05,2020-03-05,365
AARTISURF,981,31307,2269,17633,2021-03-05,2020-11-24,101
AARVEEDEN,12,21895,129,14249,2021-03-05,2020-03-05,365
AARVI,40,12875,106,8546,2021-03-05,2020-06-24,254
AAVAS,1498,96330,6591,68956,2021-03-05,2020-03-05,365
ABAN,25,130197,840,77597,2021-03-05,2020-03-05,365
ABB,1022,179248,9174,93768,2021-03-05,2020-03-05,365
ABBOTINDIA,15800,17312,5713,9398,2021-03-05,2020-03-05,365
ABCAPITAL,69,3884344,19646,1285538,2021-03-05,2020-03-05,365
ABFRL,147,2621630,25884,1101985,2021-03-05,2020-03-05,365
ABMINTLTD,53,3809,48,2932,2021-03-05,2021-02-02,31
ABSLBANETF,253,1068,33,880,2021-03-05,2020-03-05,365
ABSLNN50ET,281,249,25,157,2021-03-05,2020-03-05,365
ACC,1437,1375109,47086,352489,2021-03-05,2020-03-05,365
ACCELYA,946,17515,1037,10795,2021-03-05,2020-03-05,365
ACCURACY,45,30623,132,24830,2021-03-05,2020-12-11,84
ACE,81,457463,4524,194574,2021-03-05,2020-03-05,365
ACRYSIL,247,101195,1911,64134,2021-03-05,2021-01-14,50
ADANIENT,316,5930034,52999,817740,2021-03-05,2020-03-05,365
ADANIGREEN,615,1599728,29144,918172,2021-03-05,2020-03-05,365
ADANIPORTS,386,6682197,76581,1753332,2021-03-05,2020-03-05,365
ADANIPOWER,40,11049337,23620,3606885,2021-03-05,2020-03-05,365
ADANITRANS,319,821995,15105,357056,2021-03-05,2020-03-05,365
ADFFOODS,411,94263,2460,47630,2021-03-05,2020-03-05,365
ADHUNIKIND,20,47777,253,31308,2021-03-05,2020-03-05,365
ADORWELD,258,40202,1283,16794,2021-03-05,2020-03-05,365
ADROITINFO,7,13426,88,8938,2021-03-05,2020-03-05,365
ADSL,23,114987,678,62506,2021-03-05,2020-03-05,365
ADVANIHOTR,43,16562,228,9191,2021-03-05,2020-03-05,365
ADVENZYMES,245,453616,10047,173165,2021-03-05,2020-03-05,365
AEGISCHEM,214,310986,8350,170640,2021-03-05,2020-03-05,365
AFFLE,2945,97112,11813,51620,2021-03-05,2020-05-27,282
AGCNET,457,25189,936,13228,2021-03-05,2020-05-27,282
AGRITECH,30,11346,166,6695,2021-03-05,2020-03-05,365
AGROPHOS,11,61688,243,46840,2021-03-05,2020-03-05,365
AHLADA,75,19087,114,14317,2021-03-05,2021-01-28,36
AHLEAST,146,3241,126,2085,2021-03-05,2020-03-05,365
AHLUCONT,232,69372,1498,45594,2021-03-05,2020-03-05,365
AHLWEST,260,2023,177,1170,2021-03-05,2020-03-05,365
AIAENG,1745,60881,5644,38791,2021-03-05,2020-03-05,365
AIRAN,14,81976,312,60907,2021-03-05,2020-03-05,365
AJANTPHARM,1550,178481,13055,66160,2021-03-05,2020-03-05,365
AJMERA,96,163368,2474,50445,2021-03-05,2020-03-05,365
AKASH,233,39768,325,28941,2021-03-05,2020-11-10,115
AKG,93,48199,167,17463,2021-03-05,2021-02-16,17
AKSHARCHEM,222,48754,1750,22314,2021-03-05,2020-03-05,365
AKSHOPTFBR,6,296455,441,199611,2021-03-05,2020-03-05,365
AKZOINDIA,2070,18442,2683,10919,2021-03-05,2020-03-05,365
ALANKIT,16,287156,669,146434,2021-03-05,2020-03-05,365
ALBERTDAVD,432,35673,1793,14764,2021-03-05,2020-03-05,365
ALEMBICLTD,83,992454,8367,370341,2021-03-05,2020-03-05,365
ALICON,305,6757,440,3658,2021-03-05,2020-03-05,365
ALKALI,46,47783,674,20559,2021-03-05,2020-03-05,365
ALKEM,2686,166050,16193,92514,2021-03-05,2020-03-05,365
ALKYLAMINE,3010,58499,8199,21225,2021-03-05,2020-03-05,365
ALLCARGO,106,369639,3942,205346,2021-03-05,2020-03-05,365
ALLSEC,234,14740,545,7777,2021-03-05,2020-03-05,365
ALMONDZ,15,14904,92,10293,2021-03-05,2020-03-05,365
ALOKINDS,23,10502520,13806,4828069,2021-03-05,2020-03-05,365
ALPA,26,119392,687,65970,2021-03-05,2020-03-05,365
ALPHAGEO,172,62367,1564,23221,2021-03-05,2020-03-05,365
AMARAJABAT,746,1086116,26599,225382,2021-03-05,2020-03-05,365
AMBER,1909,194945,17673,73296,2021-03-05,2020-03-05,365
AMBIKCO,740,16007,1168,8949,2021-03-05,2020-03-05,365
AMBUJACEM,220,6393057,51683,2273526,2021-03-05,2020-03-05,365
AMDIND,16,47087,261,21430,2021-03-05,2020-03-05,365
AMJLAND,20,33521,184,22548,2021-03-05,2020-03-05,365
AMRUTANJAN,436,163770,5807,46823,2021-03-05,2020-03-05,365
ANANTRAJ,26,565978,2024,362798,2021-03-05,2020-03-05,365
ANDHRACEMT,5,292697,584,195486,2021-03-05,2020-03-05,365
ANDHRAPAP,204,108460,2010,50302,2021-03-05,2020-03-05,365
ANDHRSUGAR,279,82687,2391,37600,2021-03-05,2020-03-05,365
ANGELBRKG,330,582599,15620,197274,2021-03-05,2020-10-05,151
ANIKINDS,12,22490,116,16098,2021-03-05,2020-03-05,365
ANKITMETAL,1,57849,90,51011,2021-03-05,2020-03-05,365
ANSALAPI,5,106205,153,81270,2021-03-05,2020-03-05,365
ANSALHSG,4,56251,111,41811,2021-03-05,2020-03-05,365
ANUP,516,23902,1480,14814,2021-03-05,2020-03-05,365
APARINDS,330,75582,2835,34878,2021-03-05,2020-03-05,365
APCL,166,61271,1546,26758,2021-03-05,2020-03-05,365
APCOTEXIND,138,146770,2978,56575,2021-03-05,2020-03-05,365
APEX,251,247115,5490,73759,2021-03-05,2020-03-05,365
APLAPOLLO,1868,157375,7869,107683,2021-03-05,2020-03-05,365
APLLTD,908,429869,19380,212785,2021-03-05,2020-03-05,365
APOLLO,105,261734,3882,84826,2021-03-05,2020-03-05,365
APOLLOHOSP,1909,1294585,65556,376268,2021-03-05,2020-03-05,365
APOLLOPIPE,459,44950,1897,28116,2021-03-05,2020-03-05,365
APOLLOTYRE,141,9742431,49825,1612522,2021-03-05,2020-03-05,365
APOLSINHOT,524,2218,207,1269,2021-03-05,2020-03-05,365
APTECHT,126,509723,8343,140618,2021-03-05,2020-03-05,365
ARCHIES,12,60591,243,43454,2021-03-05,2020-03-05,365
ARENTERP,11,2863,29,1658,2021-03-05,2020-03-05,365
ARIES,75,73364,1125,35742,2021-03-05,2020-03-05,365
ARIHANT,17,4211,49,2669,2021-03-05,2020-03-05,365
ARIHANTSUP,26,20912,236,16217,2021-03-05,2020-03-05,365
ARMANFIN,543,17577,1110,10488,2021-03-05,2020-03-05,365
AROGRANITE,31,63977,485,27605,2021-03-05,2020-03-05,365
ARSSINFRA,16,26795,147,18914,2021-03-05,2020-03-05,365
ARTEMISMED,173,3259,94,2292,2021-03-05,2020-03-05,365
ARVIND,38,2611564,9683,1043403,2021-03-05,2020-03-05,365
ARVINDFASN,149,315337,4371,171727,2021-03-05,2020-03-05,365
ARVSMART,87,245516,2758,79771,2021-03-05,2020-03-05,365
ASAHIINDIA,215,77431,1944,37212,2021-03-05,2020-03-05,365
ASAHISONG,187,51094,1427,23942,2021-03-05,2020-03-05,365
ASALCBR,253,67784,2262,33596,2021-03-05,2020-03-05,365
ASHAPURMIN,66,154772,1061,100571,2021-03-05,2020-03-05,365
ASHIANA,75,112035,1292,72662,2021-03-05,2020-03-05,365
ASHIMASYN,8,105221,265,82467,2021-03-05,2020-03-05,365
ASHOKA,71,1612580,9980,646175,2021-03-05,2020-03-05,365
ASHOKLEY,75,41889803,106992,9124582,2021-03-05,2020-03-05,365
ASIANHOTNR,62,34625,309,25462,2021-03-05,2020-03-05,365
ASIANPAINT,2023,2611753,105870,895924,2021-03-05,2020-03-05,365
ASIANTILES,235,225740,4243,88017,2021-03-05,2020-03-05,365
ASPINWALL,129,4372,126,2418,2021-03-05,2020-03-05,365
ASTEC,920,129693,6836,51432,2021-03-05,2020-03-05,365
ASTERDM,132,326678,5002,180930,2021-03-05,2020-03-05,365
ASTRAL,1238,184202,13154,96897,2021-03-05,2020-03-05,365
ASTRAMICRO,103,726893,6068,311981,2021-03-05,2020-03-05,365
ASTRAZEN,3629,74599,9799,23191,2021-03-05,2020-03-05,365
ASTRON,41,80084,667,43106,2021-03-05,2020-03-05,365
ATFL,656,19497,1399,10512,2021-03-05,2020-03-05,365
ATGL,227,2725696,27126,885457,2021-03-05,2020-03-05,365
ATLANTA,7,30776,140,23476,2021-03-05,2020-03-05,365
ATUL,5523,39020,6608,22505,2021-03-05,2020-03-05,365
ATULAUTO,170,129263,2759,59582,2021-03-05,2020-03-05,365
AUBANK,735,802913,30335,484677,2021-03-05,2020-03-05,365
AURIONPRO,64,28382,413,19640,2021-03-05,2020-03-05,365
AUROPHARMA,782,4821632,92938,1053974,2021-03-05,2020-03-05,365
AUSOMENT,40,18762,255,8643,2021-03-05,2020-03-05,365
AUTOAXLES,715,26829,2007,12172,2021-03-05,2020-03-05,365
AUTOIND,28,25692,205,19284,2021-03-05,2020-03-05,365
AVADHSUGAR,178,86895,1857,35345,2021-03-05,2020-03-05,365
AVANTIFEED,469,590834,17429,175851,2021-03-05,2020-03-05,365
AVTNPL,41,257689,1608,139321,2021-03-05,2020-03-05,365
AXISBANK,512,29429543,301729,7768879,2021-03-05,2020-03-05,365
AXISBNKETF,320,9206,67,8680,2021-03-05,2020-11-09,116
AXISCADES,48,68640,565,44402,2021-03-05,2020-03-05,365
AXISGOLD,1547,95086,1136,68674,2021-03-05,2020-03-05,365
AXISNIFTY,481,5737,159,4245,2021-03-05,2020-03-05,365
AYMSYNTEX,27,32139,251,22019,2021-03-05,2020-03-05,365
BAFNAPH,67,2123,62,1660,2021-03-05,2020-03-17,353
BAGFILMS,2,138031,156,100140,2021-03-05,2020-03-05,365
BAJAJ-AUTO,3032,925782,51991,222730,2021-03-05,2020-03-05,365
BAJAJCON,180,912025,14837,371958,2021-03-05,2020-03-05,365
BAJAJELEC,520,400984,12702,103278,2021-03-05,2020-03-05,365
BAJAJFINSV,6835,920725,87766,156891,2021-03-05,2020-03-05,365
BAJAJHIND,5,4052522,3217,2179416,2021-03-05,2020-03-05,365
BAJAJHLDNG,2658,70496,8019,38865,2021-03-05,2020-03-05,365
BAJFINANCE,3649,6921280,292494,1096599,2021-03-05,2020-03-05,365
BALAJITELE,66,247368,2120,116690,2021-03-05,2020-03-05,365
BALAMINES,771,268490,10850,71869,2021-03-05,2020-03-05,365
BALAXI,433,5295,207,4093,2021-03-05,2020-05-27,282
BALKRISIND,1329,924344,38716,277759,2021-03-05,2020-03-05,365
BALMLAWRIE,108,535379,6197,190622,2021-03-05,2020-03-05,365
BALPHARMA,45,66329,695,30405,2021-03-05,2020-03-05,365
BALRAMCHIN,142,1542714,16163,664214,2021-03-05,2020-03-05,365
BANARBEADS,47,19000,268,9191,2021-03-05,2020-03-05,365
BANARISUG,1221,1375,187,918,2021-03-05,2020-03-05,365
BANCOINDIA,99,273308,3806,115109,2021-03-05,2020-03-05,365
BANDHANBNK,310,14260102,144077,4095637,2021-03-05,2020-03-05,365
BANG,20,9340,117,5223,2021-03-05,2020-03-05,365
BANKA,57,15955,127,13208,2021-03-05,2020-10-29,127
BANKBARODA,54,42431877,87690,7809575,2021-03-05,2020-03-05,365
BANKBEES,252,1077881,9756,451459,2021-03-05,2020-03-05,365
BANKINDIA,46,5813761,17966,1331316,2021-03-05,2020-03-05,365
BANSWRAS,85,21490,389,13957,2021-03-05,2020-03-05,365
BASF,1402,77709,5988,27857,2021-03-05,2020-03-05,365
BASML,90,20424,327,12384,2021-03-05,2020-03-05,365
BATAINDIA,1383,965495,37796,236728,2021-03-05,2020-03-05,365
BAYERCROP,5252,31511,6470,16779,2021-03-05,2020-03-05,365
BBL,785,21349,1660,8608,2021-03-05,2020-03-05,365
BCG,6,3323041,2496,1956541,2021-03-05,2020-03-05,365
BCLIND,125,471720,9856,219142,2021-03-05,2021-03-04,1
BCP,7,290607,309,202648,2021-03-05,2020-03-05,365
BDL,310,695495,15767,164587,2021-03-05,2020-03-05,365
BEARDSELL,9,19408,62,15326,2021-03-05,2020-03-05,365
BECTORFOOD,427,2130430,67250,636584,2021-03-05,2020-12-24,71
BEDMUTHA,18,12125,75,9284,2021-03-05,2020-03-05,365
BEL,99,15177247,61041,4539442,2021-03-05,2020-03-05,365
BEML,701,709860,22598,141630,2021-03-05,2020-03-05,365
BEPL,78,931618,7755,380274,2021-03-05,2020-03-05,365
BERGEPAINT,590,1488499,28788,335976,2021-03-05,2020-03-05,365
BESTAGRO,450,7735,120,6585,2021-03-05,2021-02-22,11
BFINVEST,280,46744,1934,13005,2021-03-05,2020-03-05,365
BFUTILITIE,233,292248,6208,86926,2021-03-05,2020-03-05,365
BGRENERGY,35,317104,1925,125993,2021-03-05,2020-03-05,365
BHAGERIA,129,67848,1408,33631,2021-03-05,2020-03-05,365
BHAGYANGR,20,38232,234,22895,2021-03-05,2020-03-05,365
BHAGYAPROP,22,25103,131,14344,2021-03-05,2020-03-05,365
BHARATFORG,443,3296280,51012,760820,2021-03-05,2020-03-05,365
BHARATGEAR,50,35088,436,17382,2021-03-05,2020-03-05,365
BHARATRAS,8511,6031,2079,2687,2021-03-05,2020-03-05,365
BHARTIARTL,518,21930244,225384,8712681,2021-03-05,2020-03-05,365
BHEL,33,56930197,71163,13090538,2021-03-05,2020-03-05,365
BIGBLOC,49,16278,219,8240,2021-03-05,2020-03-05,365
BIL,127,13591,213,10732,2021-03-05,2020-03-05,365
BINDALAGRO,13,86141,340,60155,2021-03-05,2020-03-05,365
BIOCON,399,5890950,73227,1606193,2021-03-05,2020-03-05,365
BIOFILCHEM,33,56598,719,37883,2021-03-05,2020-03-05,365
BIRLACABLE,51,124682,1306,56443,2021-03-05,2020-03-05,365
BIRLACORPN,626,301493,10193,124415,2021-03-05,2020-03-05,365
BIRLAMONEY,37,347522,2263,140918,2021-03-05,2020-03-05,365
BIRLATYRE,21,460700,2131,277640,2021-03-05,2020-03-05,365
BKMINDST,1,62398,49,49725,2021-03-05,2020-03-05,365
BLBLIMITED,5,42225,90,33501,2021-03-05,2020-03-05,365
BLISSGVS,142,600310,5328,190462,2021-03-05,2020-03-05,365
BLS,75,139983,1454,82025,2021-03-05,2020-03-05,365
BLUEDART,2949,37682,4649,16409,2021-03-05,2020-03-05,365
BLUESTARCO,633,135707,8313,76641,2021-03-05,2020-03-05,365
BODALCHEM,65,879128,5527,349728,2021-03-05,2020-03-05,365
BOMDYEING,66,2446124,12831,720072,2021-03-05,2020-03-05,365
BOROLTD,195,290100,5161,143025,2021-03-05,2020-11-24,101
BORORENEW,123,621737,8255,275139,2021-03-05,2020-03-05,365
BOSCHLTD,12499,71117,15342,18614,2021-03-05,2020-03-05,365
BPCL,381,10107297,117692,2543572,2021-03-05,2020-03-05,365
BPL,19,113299,594,62569,2021-03-05,2020-03-05,365
BRFL,9,178556,535,139514,2021-03-05,2020-03-05,365
BRIGADE,180,313348,5963,177095,2021-03-05,2020-03-05,365
BRITANNIA,3463,826115,58356,322940,2021-03-05,2020-03-05,365
BRNL,35,101161,668,59177,2021-03-05,2020-03-05,365
BROOKS,50,52870,419,38286,2021-03-05,2020-03-05,365
BSE,497,386601,12069,145557,2021-03-05,2020-03-05,365
BSELINFRA,1,100081,49,78037,2021-03-05,2020-03-05,365
BSL,25,20426,224,9765,2021-03-05,2020-03-05,365
BSLGOLDETF,4497,399,100,280,2021-03-05,2020-03-05,365
BSLNIFTY,129,15331,33,15086,2021-03-05,2020-03-05,365
BSOFT,155,1809771,21415,649135,2021-03-05,2020-03-05,365
BUTTERFLY,274,122530,2906,52070,2021-03-05,2020-03-05,365
BYKE,14,98809,400,59079,2021-03-05,2020-03-05,365
CADILAHC,393,4880543,56409,1029620,2021-03-05,2020-03-05,365
CALSOFT,9,45878,163,26465,2021-03-05,2020-03-05,365
CAMLINFINE,83,591158,6005,328395,2021-03-05,2020-03-05,365
CAMS,1597,215785,17129,114622,2021-03-05,2020-10-05,151
CANBK,107,18227867,66698,3219056,2021-03-05,2020-03-05,365
CANFINHOME,405,541784,14429,227123,2021-03-05,2020-03-05,365
CANTABIL,307,107091,3203,25190,2021-03-05,2020-03-05,365
CAPACITE,132,130626,3194,67117,2021-03-05,2020-03-05,365
CAPLIPOINT,437,335586,10629,112863,2021-03-05,2020-03-05,365
CAPTRUST,74,10699,240,6315,2021-03-05,2020-03-05,365
CARBORUNIV,301,276500,8120,147929,2021-03-05,2020-03-05,365
CAREERP,154,69107,1513,30713,2021-03-05,2020-03-05,365
CARERATING,421,194200,6886,91776,2021-03-05,2020-03-05,365
CASTROLIND,120,1470162,16277,811913,2021-03-05,2020-03-05,365
CCHHL,3,58759,104,45368,2021-03-05,2020-03-05,365
CCL,236,239300,6452,144185,2021-03-05,2020-03-05,365
CDSL,392,1177003,26045,362504,2021-03-05,2020-03-05,365
CEATLTD,1023,272354,12866,68160,2021-03-05,2020-03-05,365
CENTENKA,178,74854,1721,34190,2021-03-05,2020-03-05,365
CENTEXT,4,236129,310,148629,2021-03-05,2020-03-05,365
CENTRALBK,15,6942522,8484,2665513,2021-03-05,2020-03-05,365
CENTRUM,16,891391,1599,401467,2021-03-05,2020-03-05,365
CENTUM,324,17263,816,10335,2021-03-05,2020-03-05,365
CENTURYPLY,172,477284,7561,192778,2021-03-05,2020-03-05,365
CENTURYTEX,347,1516576,22359,337929,2021-03-05,2020-03-05,365
CERA,2691,10964,1709,6593,2021-03-05,2020-03-05,365
CEREBRAINT,33,231806,808,158239,2021-03-05,2020-05-27,282
CESC,596,514989,14681,157173,2021-03-05,2020-03-05,365
CGCL,229,170973,4102,61112,2021-03-05,2020-03-05,365
CGPOWER,23,4997034,5557,3206591,2021-03-05,2020-03-05,365
CHALET,159,287241,4484,148750,2021-03-05,2020-03-05,365
CHAMBLFERT,170,1135437,14342,524164,2021-03-05,2020-03-05,365
CHEMBOND,158,30138,927,14885,2021-03-05,2020-03-05,365
CHEMFAB,135,8836,271,5113,2021-03-05,2020-03-05,365
CHENNPETRO,81,1262020,10015,445883,2021-03-05,2020-03-05,365
CHOLAFIN,273,9048132,82813,1968856,2021-03-05,2020-03-05,365
CHOLAHLDNG,410,135780,4258,105459,2021-03-05,2020-03-05,365
CIGNITITEC,337,56326,1631,35287,2021-03-05,2020-03-05,365
CINELINE,29,170247,1098,59773,2021-03-05,2020-03-05,365
CINEVISTA,6,19262,65,11512,2021-03-05,2020-03-05,365
CIPLA,702,7643631,121626,1687295,2021-03-05,2020-03-05,365
CLEDUCATE,51,35951,497,18712,2021-03-05,2020-03-05,365
CLNINDIA,351,124699,4155,52089,2021-03-05,2020-03-05,365
COALINDIA,133,14544309,74812,4651803,2021-03-05,2020-03-05,365
COCHINSHIP,319,462504,9976,196028,2021-03-05,2020-03-05,365
COFORGE,1976,617562,31979,109142,2021-03-05,2020-03-05,365
COLPAL,1441,847331,36420,336958,2021-03-05,2020-03-05,365
COMPINFO,13,269368,721,138952,2021-03-05,2020-03-05,365
COMPUSOFT,8,72867,304,50792,2021-03-05,2020-03-05,365
CONCOR,407,2685783,52397,1014359,2021-03-05,2020-03-05,365
CONFIPET,26,628937,2325,359943,2021-03-05,2020-03-05,365
CONSOFINVT,33,6763,39,5222,2021-03-05,2020-03-05,365
CONTROLPR,216,20820,628,10141,2021-03-05,2020-03-05,365
CORALFINAC,19,26721,178,19339,2021-03-05,2020-03-05,365
CORDSCABLE,39,50050,539,27873,2021-03-05,2020-03-05,365
COROMANDEL,725,525248,21397,279804,2021-03-05,2020-03-05,365
COSMOFILMS,384,139089,4255,60349,2021-03-05,2020-03-05,365
CPSEETF,18,4018073,17210,3345846,2021-03-05,2020-03-05,365
CREATIVE,104,18959,150,8372,2021-03-05,2020-03-05,365
CREATIVEYE,3,12301,43,10137,2021-03-05,2020-03-16,354
CREDITACC,622,133113,8409,84952,2021-03-05,2020-03-05,365
CREST,78,16926,399,8865,2021-03-05,2020-03-05,365
CRISIL,1724,34851,3930,22285,2021-03-05,2020-03-05,365
CROMPTON,285,1503715,34253,1016078,2021-03-05,2020-03-05,365
CSBBANK,193,317755,5517,125482,2021-03-05,2020-03-05,365
CTE,27,15999,142,11675,2021-03-05,2020-03-05,365
CUB,150,2414450,26605,1429352,2021-03-05,2020-03-05,365
CUBEXTUB,13,14269,84,8945,2021-03-05,2020-05-27,282
CUMMINSIND,487,1572207,27304,414626,2021-03-05,2020-03-05,365
CUPID,207,106222,2848,49679,2021-03-05,2020-03-05,365
CYBERTECH,72,238204,2924,93560,2021-03-05,2020-03-05,365
CYIENT,384,825366,24279,335804,2021-03-05,2020-03-05,365
DAAWAT,44,1916976,8116,896643,2021-03-05,2020-03-05,365
DABUR,493,3621096,59520,1392451,2021-03-05,2020-03-05,365
DALBHARAT,833,224812,11212,140283,2021-03-05,2020-03-05,365
DALMIASUG,115,225353,3100,103354,2021-03-05,2020-03-05,365
DAMODARIND,25,14161,131,8446,2021-03-05,2020-03-05,365
DANGEE,126,31944,247,24710,2021-03-05,2020-11-13,112
DATAMATICS,72,157624,2108,70989,2021-03-05,2020-03-05,365
DBCORP,79,316893,3744,162315,2021-03-05,2020-03-05,365
DBL,347,367644,8969,111206,2021-03-05,2020-03-05,365
DBSTOCKBRO,9,6048,35,4688,2021-03-05,2020-03-05,365
DCAL,132,584244,8072,289415,2021-03-05,2020-03-05,365
DCBBANK,93,2510865,17424,1103088,2021-03-05,2020-03-05,365
DCM,20,33342,231,19073,2021-03-05,2020-03-05,365
DCMSHRIRAM,343,161232,5561,61582,2021-03-05,2020-03-05,365
DCW,15,926887,1837,513704,2021-03-05,2020-03-05,365
DECCANCE,294,72070,2372,37042,2021-03-05,2020-03-05,365
DEEPAKFERT,136,1133252,11830,325074,2021-03-05,2020-03-05,365
DEEPAKNTR,726,1209904,40820,376211,2021-03-05,2020-03-05,365
DEEPENR,61,60835,808,33150,2021-03-05,2020-03-05,365
DELTACORP,112,2235907,19613,956443,2021-03-05,2020-03-05,365
DELTAMAGNT,23,9933,122,5924,2021-03-05,2020-03-05,365
DEN,65,371554,3809,157998,2021-03-05,2020-03-05,365
DENORA,214,12347,536,6859,2021-03-05,2020-03-05,365
DFMFOODS,293,85761,2535,44425,2021-03-05,2020-03-05,365
DGCONTENT,9,39021,109,34837,2021-03-05,2020-03-05,365
DHAMPURSUG,137,679256,7120,256902,2021-03-05,2020-03-05,365
DHANBANK,12,1176375,2018,609132,2021-03-05,2020-03-05,365
DHANI,201,1322174,12128,672081,2021-03-05,2020-03-05,365
DHANUKA,677,97555,5757,43443,2021-03-05,2020-03-05,365
DHARSUGAR,5,21486,106,15651,2021-03-05,2020-03-05,365
DHFL,17,2182906,4488,1235903,2021-03-05,2020-03-05,365
DHUNINV,215,5216,357,2242,2021-03-05,2020-03-05,365
DIAMONDYD,598,23970,1372,12239,2021-03-05,2020-03-05,365
DICIND,358,7979,422,3958,2021-03-05,2020-03-05,365
DISHTV,10,9036719,9268,5066556,2021-03-05,2020-03-05,365
DIVISLAB,2941,1158120,64537,383225,2021-03-05,2020-03-05,365
DIXON,9113,68564,18123,34307,2021-03-05,2020-03-05,365
DLF,183,14034979,84469,2480096,2021-03-05,2020-03-05,365
DLINKINDIA,95,339906,4428,131584,2021-03-05,2020-03-05,365
DMART,2433,691561,48765,322068,2021-03-05,2020-05-27,282
DOLAT,49,185818,1690,92695,2021-03-05,2020-03-05,365
DOLLAR,161,161031,3046,71749,2021-03-05,2020-03-05,365
DONEAR,28,82758,630,38539,2021-03-05,2020-03-05,365
DPABHUSHAN,100,14635,230,8828,2021-03-05,2020-11-03,122
DPSCLTD,11,58394,200,37478,2021-03-05,2020-03-05,365
DPWIRES,76,13887,216,6001,2021-03-05,2020-03-05,365
DREDGECORP,261,261317,6922,58299,2021-03-05,2020-03-05,365
DRREDDY,4409,1555097,91257,338824,2021-03-05,2020-03-05,365
DSSL,35,32741,424,16215,2021-03-05,2020-03-05,365
DTIL,214,12241,506,6621,2021-03-05,2020-03-05,365
DUCON,4,66841,137,50359,2021-03-05,2020-05-27,282
DVL,143,12967,369,8200,2021-02-03,2020-03-05,335
DWARKESH,26,1278904,3506,643768,2021-03-05,2020-03-05,365
DYNAMATECH,681,15481,1006,8674,2021-03-05,2020-03-05,365
DYNPRO,208,140610,3546,58485,2021-03-05,2020-03-05,365
EBBETF0423,1076,18102,108,15271,2021-03-05,2020-03-05,365
EBBETF0425,1013,13819,82,12500,2021-03-05,2020-07-29,219
EBBETF0430,1096,29034,127,26510,2021-03-05,2020-03-05,365
EBBETF0431,1007,15272,147,13921,2021-03-05,2020-07-29,219
EBIXFOREX,446,5205,375,2822,2021-03-05,2020-05-27,282
ECLERX,651,143067,7470,66161,2021-03-05,2020-03-05,365
EDELWEISS,61,2166310,10658,1314954,2021-03-05,2020-03-05,365
EICHERMOT,9127,1039262,71851,240782,2021-03-05,2020-03-05,365
EIDPARRY,266,497439,9315,194629,2021-03-05,2020-03-05,365
EIHAHOTELS,244,14533,665,5832,2021-03-05,2020-03-05,365
EIHOTEL,81,961480,7860,485575,2021-03-05,2020-03-05,365
EIMCOELECO,303,2572,218,1378,2021-03-05,2020-03-05,365
EKC,33,362265,1913,202793,2021-03-05,2020-03-05,365
ELECON,31,352991,2527,161029,2021-03-05,2020-03-05,365
ELECTCAST,17,927360,1969,552118,2021-03-05,2020-03-05,365
ELECTHERM,105,37664,755,18877,2021-03-05,2020-03-05,365
ELGIEQUIP,155,166520,3198,77787,2021-03-05,2020-03-05,365
ELGIRUBCO,18,59932,291,34910,2021-03-05,2020-03-05,365
EMAMILTD,324,912282,20251,531128,2021-03-05,2020-03-05,365
EMAMIPAP,78,16034,323,8917,2021-03-05,2020-03-05,365
EMAMIREAL,42,38456,372,26072,2021-03-05,2020-03-05,365
EMKAY,54,28493,331,17653,2021-03-05,2020-03-05,365
EMMBI,72,32438,551,16740,2021-03-05,2020-03-05,365
ENDURANCE,1016,150727,10311,92299,2021-03-05,2020-03-05,365
ENGINERSIN,69,3035400,16736,1485635,2021-03-05,2020-03-05,365
ENIL,149,59189,925,36370,2021-03-05,2020-03-05,365
EPL,224,384489,8541,215471,2021-03-05,2020-03-05,365
EQ30,350,167,17,76,2021-03-05,2020-03-05,365
EQUITAS,59,9156869,30785,2309514,2021-03-05,2020-03-05,365
ERIS,509,157878,7249,81480,2021-03-05,2020-03-05,365
EROSMEDIA,20,603600,1779,346243,2021-03-05,2020-03-05,365
ESABINDIA,1438,14137,1255,8240,2021-03-05,2020-03-05,365
ESCORTS,1113,2436207,71361,369962,2021-03-05,2020-03-05,365
ESSARSHPNG,8,70117,282,43916,2021-03-05,2020-03-05,365
ESTER,76,347808,3874,165931,2021-03-05,2020-03-05,365
EUROTEXIND,8,932,4,912,2021-03-04,2020-03-05,364
EVEREADY,154,689669,6263,357768,2021-03-05,2020-05-27,282
EVERESTIND,230,114405,2966,45736,2021-03-05,2020-03-05,365
EXCEL,1,33808,32,28199,2021-03-05,2020-03-05,365
EXCELINDUS,774,32407,2756,14219,2021-03-05,2020-03-05,365
EXIDEIND,168,4073800,33216,1246029,2021-03-05,2020-03-05,365
EXPLEOSOL,380,27859,1205,16790,2021-03-05,2020-03-05,365
FACT,52,627381,4462,161883,2021-03-05,2020-03-05,365
FAIRCHEMOR,620,32983,792,23115,2021-03-05,2021-01-08,56
FCL,37,561921,2736,282964,2021-03-05,2020-03-05,365
FCONSUMER,9,10123064,8761,5122611,2021-03-05,2020-03-05,365
FDC,294,415621,9439,179716,2021-03-05,2020-03-05,365
FEDERALBNK,58,34571724,67703,8717521,2021-03-05,2020-03-05,365
FEL,12,2113130,2583,1231417,2021-03-05,2020-03-05,365
FELDVR,14,101473,303,67292,2021-03-05,2020-03-05,365
FIEMIND,464,63242,3096,22294,2021-03-05,2020-03-05,365
FILATEX,35,584352,1849,388796,2021-03-05,2020-03-05,365
FINCABLES,293,218041,6813,114773,2021-03-05,2020-03-05,365
FINEORG,2308,39261,5664,16540,2021-03-05,2020-03-05,365
FINPIPE,519,90658,4372,53427,2021-03-05,2020-03-05,365
FLFL,117,478382,4093,231639,2021-03-05,2020-03-05,365
FLUOROCHEM,460,76761,2529,44413,2021-03-05,2020-03-05,365
FMGOETZE,348,28714,865,13229,2021-03-05,2020-03-05,365
FMNL,19,74956,369,46759,2021-03-05,2020-03-05,365
FORCEMOT,1063,64804,4758,18005,2021-03-05,2020-03-05,365
FORTIS,138,2284854,17089,1240909,2021-03-05,2020-03-05,365
FOSECOIND,1154,1996,320,1105,2021-03-05,2020-03-05,365
FRETAIL,94,4552189,26110,2202701,2021-03-05,2020-03-05,365
FSC,125,183437,2169,99025,2021-03-05,2020-03-05,365
FSL,62,3630489,20185,1508755,2021-03-05,2020-03-05,365
G5,48,5971,22,5251,2021-03-05,2020-12-16,79
GABRIEL,96,282380,3944,124673,2021-03-05,2020-03-05,365
GAEL,137,236919,3422,108787,2021-03-05,2020-03-05,365
GAIL,102,19398920,79238,5622202,2021-03-05,2020-03-05,365
GAL,2,35952,67,29547,2021-03-05,2020-03-05,365
GALAXYSURF,1720,32118,4165,15410,2021-03-05,2020-03-05,365
GALLANTT,32,39768,473,19422,2021-03-05,2020-03-05,365
GALLISPAT,29,40202,325,22147,2021-03-05,2020-03-05,365
GAMMNINFRA,1,2209520,1500,1526591,2021-03-05,2020-03-05,365
GANDHITUBE,214,8820,435,4714,2021-03-05,2020-03-05,365
GANECOS,290,35633,1032,23334,2021-03-05,2020-03-05,365
GANESHHOUC,29,36332,239,26420,2021-03-05,2020-03-05,365
GANGESSECU,40,8028,116,5122,2021-03-05,2020-03-05,365
GARFIBRES,1801,19785,2766,11369,2021-03-05,2020-03-05,365
GATI,62,825978,6005,371734,2021-03-05,2020-03-05,365
GAYAPROJ,26,764223,2088,512394,2021-03-05,2020-03-05,365
GBGLOBAL,6,2520,23,2286,2021-03-05,2020-03-11,359
GEECEE,71,14675,437,7802,2021-03-05,2020-03-05,365
GEEKAYWIRE,67,7276,78,5818,2021-03-05,2020-03-06,364
GENCON,57,34736,386,18985,2021-03-05,2021-02-16,17
GENUSPAPER,5,332344,402,209749,2021-03-05,2020-03-05,365
GENUSPOWER,26,332220,1414,194409,2021-03-05,2020-03-05,365
GEOJITFSL,38,548537,2776,291737,2021-03-05,2020-03-05,365
GEPIL,392,129740,4052,63078,2021-03-05,2020-03-05,365
GESHIP,240,311786,9113,167408,2021-03-05,2020-03-05,365
GET&D,96,178072,2452,101084,2021-03-05,2020-03-05,365
GFLLIMITED,89,70185,1040,44434,2021-03-05,2020-03-05,365
GFSTEELS,2,3386,11,3190,2021-03-04,2020-04-13,325
GHCL,157,338810,5189,173100,2021-03-05,2020-03-05,365
GICHSGFIN,97,954774,8534,281962,2021-03-05,2020-03-05,365
GICRE,139,570235,8256,229542,2021-03-05,2020-03-05,365
GILLANDERS,33,9834,83,6745,2021-03-05,2020-03-05,365
GILLETTE,5352,12070,2310,7073,2021-03-05,2020-03-05,365
GINNIFILA,13,91021,281,63821,2021-03-05,2020-03-05,365
GIPCL,70,356418,3041,150432,2021-03-05,2020-03-05,365
GISOLUTION,2,3661,7,3557,2021-03-05,2020-03-19,351
GKWLIMITED,486,667,132,337,2021-03-05,2020-03-05,365
GLAXO,1474,68060,5674,39682,2021-03-05,2020-03-05,365
GLENMARK,433,4530183,64641,900210,2021-03-05,2020-03-05,365
GLFL,2,15248,38,12279,2021-03-05,2020-03-05,365
GLOBAL,58,19926,140,16747,2021-03-05,2020-12-07,88
GLOBOFFS,6,16848,57,12273,2021-03-05,2020-03-05,365
GLOBUSSPR,221,215046,4648,90135,2021-03-05,2020-03-05,365
GMBREW,393,76081,2805,21831,2021-03-05,2020-03-05,365
GMDCLTD,45,1630569,7386,687695,2021-03-05,2020-03-05,365
GMMPFAUDLR,3945,68250,11115,28001,2021-03-05,2020-03-05,365
GMRINFRA,22,18496187,28899,5859934,2021-03-05,2020-03-05,365
GNA,237,119735,3473,42969,2021-03-05,2020-03-05,365
GNFC,186,1280800,14544,433143,2021-03-05,2020-03-05,365
GOACARBON,221,82274,2650,25636,2021-03-05,2020-03-05,365
GOCLCORP,185,20695,657,11234,2021-03-05,2020-03-05,365
GODFRYPHLP,946,81277,5358,27351,2021-03-05,2020-03-05,365
GODHA,39,3321,32,2393,2021-03-05,2020-12-24,71
GODREJAGRO,467,188448,7336,82304,2021-03-05,2020-03-05,365
GODREJCP,666,1749100,43253,762709,2021-03-05,2020-03-05,365
GODREJIND,381,268282,10809,140536,2021-03-05,2020-03-05,365
GODREJPROP,987,971799,36331,216425,2021-03-05,2020-03-05,365
GOKEX,59,256323,2228,118602,2021-03-05,2020-03-05,365
GOKUL,15,79043,379,46887,2021-03-05,2020-03-05,365
GOKULAGRO,15,79043,379,46887,2021-03-05,2020-03-05,365
GOLDBEES,43,5549120,12791,3949559,2021-03-05,2020-03-05,365
GOLDENTOBC,29,15537,226,9262,2021-03-05,2020-03-05,365
GOLDIAM,146,93696,2138,41481,2021-03-05,2020-03-05,365
GOLDSHARE,4413,2254,524,1461,2021-03-05,2020-03-05,365
GOODLUCK,44,152832,1471,62152,2021-03-05,2020-03-05,365
GOODYEAR,911,32240,2619,17411,2021-03-05,2020-10-05,151
GPIL,295,130846,2904,73920,2021-03-05,2020-03-05,365
GPPL,80,635028,7008,378282,2021-03-05,2020-03-05,365
GPTINFRA,29,77461,483,42243,2021-03-05,2020-03-05,365
GRANULES,291,2941855,39194,905745,2021-03-05,2020-03-05,365
GRAPHITE,229,1160138,19743,380947,2021-03-05,2020-03-05,365
GRASIM,754,2685590,50307,759724,2021-03-05,2020-03-05,365
GRAVITA,52,259261,2076,118281,2021-03-05,2020-03-05,365
GREAVESCOT,84,1317637,10853,543946,2021-03-05,2020-03-05,365
GREENLAM,735,8914,536,6730,2021-03-05,2020-03-05,365
GREENPANEL,77,148772,1358,112616,2021-03-05,2020-03-05,365
GREENPLY,101,545542,5624,272720,2021-03-05,2020-03-05,365
GRINDWELL,580,41402,3023,24874,2021-03-05,2020-03-05,365
GROBTEA,543,929,120,532,2021-03-05,2020-03-05,365
GRPLTD,727,1228,165,616,2021-03-05,2020-03-05,365
GRSE,185,317982,5799,119560,2021-03-05,2020-03-05,365
GSCLCEMENT,29,377324,1729,178154,2021-03-05,2020-03-05,365
GSFC,62,1538531,7924,582137,2021-03-05,2020-03-05,365
GSPL,207,975984,20352,624632,2021-03-05,2020-03-05,365
GSS,33,193739,1157,94047,2021-03-05,2020-03-05,365
GTL,4,154553,334,106732,2021-03-05,2020-03-05,365
GTLINFRA,1,16087640,2308,10201448,2021-03-05,2020-03-05,365
GTNIND,8,5398,37,4310,2021-03-05,2020-03-05,365
GTNTEX,6,3985,16,3230,2021-03-05,2020-03-05,365
GTPL,93,171784,2564,82577,2021-03-05,2020-03-05,365
GUFICBIO,90,247596,3060,107722,2021-03-05,2020-03-05,365
GUJALKALI,324,166685,4638,68041,2021-03-05,2020-03-05,365
GUJAPOLLO,187,17829,674,8011,2021-03-05,2020-03-05,365
GUJGASLTD,317,1011670,26164,466797,2021-03-05,2020-03-05,365
GULFOILLUB,654,31349,2006,18733,2021-03-05,2020-03-05,365
GULFPETRO,41,68868,720,34638,2021-03-05,2020-03-05,365
GULPOLY,57,81995,906,49769,2021-03-05,2020-03-05,365
HAL,799,640756,26918,172830,2021-03-05,2020-03-05,365
HAPPSTMNDS,362,3209500,55889,864452,2021-03-05,2020-09-17,169
HARITASEAT,435,10984,537,6308,2021-03-05,2020-03-05,365
HARRMALAYA,90,165477,2722,55022,2021-03-05,2020-03-05,365
HATHWAY,28,2230325,7374,815058,2021-03-05,2020-03-05,365
HATSUN,700,50018,3152,20452,2021-03-05,2020-03-05,365
HAVELLS,722,2534003,53761,662148,2021-03-05,2020-03-05,365
HBANKETF,286,9217,221,7006,2021-03-05,2020-08-28,189
HBLPOWER,21,804566,2857,363114,2021-03-05,2020-03-05,365
HCC,6,4785897,3569,2547998,2021-03-05,2020-03-05,365
HCG,125,213240,2129,143906,2021-03-05,2020-03-05,365
HCL-INSYS,8,468691,1062,321883,2021-03-05,2020-03-05,365
HCLTECH,728,7407633,136393,2732658,2021-03-05,2020-03-05,365
HDFC,2029,5675233,193225,2839174,2021-03-05,2020-03-05,365
HDFCAMC,2575,402308,36555,199578,2021-03-05,2020-03-05,365
HDFCBANK,1177,14804508,279924,6244924,2021-03-05,2020-03-05,365
HDFCLIFE,589,4338690,90772,2105994,2021-03-05,2020-03-05,365
HDFCMFGETF,4182,97599,1239,75386,2021-03-05,2020-03-05,365
HDFCNIFETF,1153,3755,187,2933,2021-03-05,2020-03-05,365
HDFCSENETF,3961,585,95,430,2021-03-05,2020-03-05,365
HEG,846,558361,23703,111042,2021-03-05,2020-03-05,365
HEIDELBERG,188,501270,8797,205443,2021-03-05,2020-03-05,365
HERCULES,91,177722,2270,52387,2021-03-05,2020-03-05,365
HERITGFOOD,289,109039,3299,57972,2021-03-05,2020-03-05,365
HEROMOTOCO,2761,1607805,85536,434713,2021-03-05,2020-03-05,365
HESTERBIO,1486,12725,1330,6218,2021-03-05,2020-03-05,365
HFCL,17,7384093,8911,3262333,2021-03-05,2020-03-05,365
HGINFRA,202,74406,2451,38257,2021-03-05,2020-03-05,365
HGS,784,21825,1702,11717,2021-03-05,2020-03-05,365
HIKAL,145,847780,9447,299612,2021-03-05,2020-03-05,365
HIL,1599,32655,3165,14047,2021-03-05,2020-03-05,365
HILTON,10,15157,86,11354,2021-03-05,2020-03-05,365
HIMATSEIDE,97,521942,5453,207346,2021-03-05,2020-03-05,365
HINDALCO,186,17532086,102913,4307352,2021-03-05,2020-03-05,365
HINDCOMPOS,195,12665,584,5330,2021-03-05,2020-03-05,365
HINDCOPPER,43,2804930,11629,901896,2021-03-05,2020-03-05,365
HINDNATGLS,29,23141,208,17146,2021-03-05,2020-03-05,365
HINDOILEXP,69,569284,4387,292372,2021-03-05,2020-03-05,365
HINDPETRO,208,7996741,65512,2775662,2021-03-05,2020-03-05,365
HINDUNILVR,2186,3854918,141212,2174945,2021-03-05,2020-03-05,365
HINDZINC,216,1502994,24273,637343,2021-03-05,2020-03-05,365
HIRECT,133,37826,779,19094,2021-03-05,2020-03-05,365
HISARMETAL,74,36922,548,14584,2021-03-05,2020-03-05,365
HITECH,145,35946,508,18505,2021-03-05,2020-03-05,365
HITECHCORP,89,9313,186,5642,2021-03-05,2020-03-05,365
HITECHGEAR,119,7658,169,5676,2021-03-05,2020-03-05,365
HLEGLAS,2152,13068,1522,8456,2021-03-05,2021-02-22,11
HLVLTD,5,283995,375,190416,2021-03-05,2020-03-05,365
HMVL,50,52739,550,33697,2021-03-05,2020-03-05,365
HNDFDS,918,15721,1517,8507,2021-03-05,2020-03-05,365
HNGSNGBEES,345,1049,62,858,2021-03-05,2020-03-05,365
HONAUT,31965,5593,2732,2769,2021-03-05,2020-03-05,365
HONDAPOWER,982,10132,961,4937,2021-03-05,2020-03-05,365
HOTELRUGBY,1,5971,12,5539,2021-03-05,2020-03-19,351
HOVS,37,10128,149,7222,2021-03-05,2020-03-05,365
HPL,33,173321,1272,99306,2021-03-05,2020-03-05,365
HSCL,47,3861843,13078,1423235,2021-03-05,2020-03-05,365
HSIL,82,422723,3846,214377,2021-03-05,2020-03-05,365
HTMEDIA,15,218310,676,137753,2021-03-05,2020-03-05,365
HUDCO,33,2657094,8273,895483,2021-03-05,2020-03-05,365
HUHTAMAKI,259,152027,3339,79931,2021-03-05,2020-03-05,365
IBMFNIFTY,122,927,69,444,2021-03-05,2020-03-05,365
IBREALEST,61,4421272,17417,1857392,2021-03-05,2020-03-05,365
IBULHSGFIN,179,25533180,171531,3975723,2021-03-05,2020-03-05,365
ICEMAKE,84,32160,388,22531,2021-03-05,2020-10-12,144
ICICI500,156,28674,129,25016,2021-03-05,2020-03-05,365
ICICIALPLV,130,5607,63,3615,2021-03-05,2020-08-18,199
ICICIB22,28,559787,9079,427184,2021-03-05,2020-03-05,365
ICICIBANK,424,37243425,327511,13223092,2021-03-05,2020-03-05,365
ICICIBANKN,249,32355,491,19473,2021-03-05,2020-03-05,365
ICICIBANKP,137,45886,487,31290,2021-03-05,2020-03-05,365
ICICIGI,1313,771296,42765,498175,2021-03-05,2020-03-05,365
ICICIGOLD,44,516668,2174,448925,2021-03-05,2020-03-05,365
ICICILIQ,1000,16863,47,13871,2021-03-05,2020-03-05,365
ICICILOVOL,97,73619,277,65031,2021-03-05,2020-03-05,365
ICICIM150,66,39544,62,35940,2021-03-05,2020-03-05,365
ICICIMCAP,65,22465,157,16433,2021-03-05,2020-03-05,365
ICICINF100,129,7597,152,5545,2021-03-05,2020-03-05,365
ICICINIFTY,123,343917,5089,268638,2021-03-05,2020-03-05,365
ICICINV20,60,11065,373,7344,2021-03-05,2020-03-05,365
ICICINXT50,28,80901,235,72157,2021-03-05,2020-03-05,365
ICICIPRULI,430,2688730,53744,1096187,2021-03-05,2020-03-05,365
ICICISENSX,426,2656,132,1767,2021-03-05,2020-03-05,365
ICICITECH,226,179964,300,169054,2021-03-05,2020-08-20,197
ICIL,97,73619,277,65031,2021-03-05,2020-03-05,365
ICRA,2633,3784,555,2747,2021-03-05,2020-03-05,365
IDBI,33,6657095,13929,2569181,2021-03-05,2020-03-05,365
IDBIGOLD,4528,301,66,223,2021-03-05,2020-03-05,365
IDEA,9,440818424,228514,125192339,2021-03-05,2020-03-05,365
IDFC,29,9956448,21081,4714570,2021-03-05,2020-03-05,365
IDFCFIRSTB,33,43763252,75965,9948403,2021-03-05,2020-03-05,365
IDFNIFTYET,124,432,28,296,2021-03-05,2020-03-05,365
IEX,197,1203415,24346,679756,2021-03-05,2020-03-05,365
IFBAGRO,346,17023,960,7098,2021-03-05,2020-03-05,365
IFBIND,674,101667,4998,39188,2021-03-05,2020-03-05,365
IFCI,7,4810203,65308,2147041,2021-03-05,2020-03-05,365
IFGLEXPOR,159,20329,626,11214,2021-03-05,2020-03-05,365
IGARASHI,281,150926,4577,52050,2021-03-05,2020-03-05,365
IGL,448,3772876,65450,1246107,2021-03-05,2020-03-05,365
IGPL,265,61876,1938,35568,2021-03-05,2020-03-05,365
IIFL,103,901943,7594,391719,2021-03-05,2020-03-05,365
IIFLSEC,41,994644,3645,542238,2021-03-05,2020-03-05,365
IIFLWAM,1006,35977,2129,28373,2021-03-05,2020-03-05,365
IITL,59,9987,58,8624,2021-03-05,2020-05-27,282
IMAGICAA,4,170616,309,125566,2021-03-05,2020-03-05,365
IMFA,238,39770,1611,22519,2021-03-05,2020-03-05,365
IMPAL,539,3189,218,2130,2021-03-05,2020-03-05,365
INDBANK,9,178127,474,90520,2021-03-05,2020-03-05,365
INDHOTEL,99,3239397,21230,1714851,2021-03-05,2020-03-05,365
INDIACEM,129,2957902,20239,929917,2021-03-05,2020-03-05,365
INDIAGLYCO,302,268985,6593,84316,2021-03-05,2020-03-05,365
INDIAMART,4369,145270,21257,63861,2021-03-05,2020-03-05,365
INDIANB,69,3640395,17268,1008904,2021-03-05,2020-03-05,365
INDIANCARD,103,3497,116,1903,2021-03-05,2020-03-05,365
INDIANHUME,170,107899,2512,38574,2021-03-05,2020-03-05,365
INDIGO,1278,2323874,71671,456614,2021-03-05,2020-03-05,365
INDIGOPNTS,2638,820355,69992,310934,2021-03-05,2021-02-02,31
INDLMETER,15,4772,40,3360,2021-03-05,2020-03-05,365
INDNIPPON,312,26816,1025,13963,2021-03-05,2020-03-05,365
INDOCO,249,186207,4573,101734,2021-03-05,2020-03-05,365
INDORAMA,22,83501,277,66855,2021-03-05,2020-03-05,365
INDOSTAR,289,110578,2082,74741,2021-03-05,2020-03-05,365
INDOTECH,94,15966,371,6513,2021-03-05,2020-03-05,365
INDRAMEDCO,49,397140,2646,170072,2021-03-05,2020-03-05,365
INDSWFTLAB,49,92520,580,63126,2021-03-05,2020-03-05,365
INDUSINDBK,657,21704439,302347,3596261,2021-03-05,2020-03-05,365
INDUSTOWER,209,10575320,79718,2894002,2021-03-05,2020-03-05,365
INEOSSTYRO,674,36036,1535,20574,2021-03-05,2020-03-05,365
INFIBEAM,70,1460021,5548,931018,2021-03-05,2020-03-05,365
INFOBEAN,130,33472,603,22207,2021-03-05,2020-05-27,282
INFRABEES,333,2147,57,1714,2021-03-05,2020-03-05,365
INFY,966,11043119,206052,4939899,2021-03-05,2020-03-05,365
INGERRAND,639,49964,2398,19937,2021-03-05,2020-03-05,365
INOXLEISUR,270,861606,20862,338504,2021-03-05,2020-03-05,365
INOXWIND,43,199420,1485,116873,2021-03-05,2020-03-05,365
INSECTICID,440,68298,2901,27554,2021-03-05,2020-03-05,365
INSPIRISYS,28,18946,168,12682,2021-03-05,2020-03-05,365
INTELLECT,204,288122,4904,168135,2021-03-05,2020-03-05,365
INTENTECH,31,41975,273,28802,2021-03-05,2020-03-05,365
INVENTURE,17,50907,380,25700,2021-03-05,2020-03-05,365
IOB,10,6426923,6290,2374885,2021-03-05,2020-03-05,365
IOC,87,22612125,70834,6635943,2021-03-05,2020-03-05,365
IOLCP,592,1144207,29262,297084,2021-03-05,2020-03-05,365
IPCALAB,1879,467248,40889,245660,2021-03-05,2020-03-05,365
IRCON,109,1802638,14456,633907,2021-03-05,2020-03-05,365
IRCTC,1385,1423608,65330,396273,2021-03-05,2020-03-05,365
IRFC,25,48052802,81180,24400814,2021-03-05,2021-01-29,35
IRISDOREME,111,76978,917,40830,2021-03-05,2021-02-22,11
ISEC,430,607839,17028,313793,2021-03-05,2020-03-05,365
ISFT,63,10793,162,8420,2021-03-05,2020-03-05,365
ISMTLTD,7,149373,228,107461,2021-03-05,2020-03-05,365
ITC,190,32709971,182700,13815750,2021-03-05,2020-03-05,365
ITDC,232,106592,3002,28951,2021-03-05,2020-03-05,365
ITDCEM,51,737028,5129,335014,2021-03-05,2020-03-05,365
ITI,113,1646781,14243,386874,2021-03-05,2020-03-05,365
IVC,3,180555,236,124353,2021-03-05,2020-03-05,365
IVZINGOLD,4453,109,25,88,2021-03-05,2020-03-05,365
IVZINNIFTY,1270,58,9,39,2021-03-05,2020-03-05,365
IZMO,34,27881,289,19045,2021-03-05,2020-03-05,365
J&KBANK,19,3975273,7495,1999441,2021-03-05,2020-03-05,365
JAGRAN,42,577294,3613,304447,2021-03-05,2020-03-05,365
JAGSNPHARM,46,159503,1529,72322,2021-03-05,2020-03-05,365
JAICORPLTD,83,1808148,10762,338322,2021-03-05,2020-03-05,365
JAMNAAUTO,43,1706804,8002,729993,2021-03-05,2020-03-05,365
JASH,196,19037,272,15098,2021-03-05,2020-05-27,282
JAYAGROGN,100,23732,527,13531,2021-03-05,2020-03-05,365
JAYBARMARU,201,55575,1698,21383,2021-03-05,2020-03-05,365
JAYNECOIND,4,77839,104,62848,2021-03-05,2020-03-05,365
JAYSREETEA,58,187021,1850,78971,2021-03-05,2020-03-05,365
JBCHEPHARM,839,310038,15998,148473,2021-03-05,2020-03-05,365
JBFIND,9,131239,968,97036,2021-03-05,2020-05-27,282
JBMA,239,61476,2106,25212,2021-03-05,2020-03-05,365
JCHAC,2304,16565,2444,7461,2021-03-05,2020-03-05,365
JINDALPHOT,16,11659,98,8058,2021-03-05,2020-03-05,365
JINDALPOLY,396,93419,3663,37976,2021-03-05,2020-03-05,365
JINDALSAW,63,1412525,7839,550947,2021-03-05,2020-03-05,365
JINDALSTEL,196,15346122,86386,2479512,2021-03-05,2020-03-05,365
JINDRILL,73,32429,540,18497,2021-03-05,2020-03-05,365
JINDWORLD,46,108354,1113,30273,2021-03-05,2020-03-05,365
JISLJALEQS,15,3606243,3755,2097997,2021-03-05,2020-03-05,365
JKCEMENT,1636,114477,9468,63735,2021-03-05,2020-03-05,365
JKIL,113,206242,3222,109180,2021-03-05,2020-03-05,365
JKLAKSHMI,284,386995,9067,187784,2021-03-05,2020-03-05,365
JKPAPER,102,1447743,11750,505575,2021-03-05,2020-03-05,365
JKTYRE,71,2554628,15409,681057,2021-03-05,2020-03-05,365
JMA,26,16298,108,10943,2021-03-05,2020-03-05,365
JMCPROJECT,53,244249,2035,135301,2021-03-05,2020-03-05,365
JMFINANCIL,78,1732479,11656,839572,2021-03-05,2020-03-05,365
JOCIL,162,27090,656,14606,2021-03-05,2020-03-05,365
JPASSOCIAT,4,9117483,4509,5035594,2021-03-05,2020-03-05,365
JPINFRATEC,1,1803239,664,1188460,2021-03-05,2020-03-05,365
JPPOWER,2,14434733,4279,8432596,2021-03-05,2020-03-05,365
JSL,89,555921,4870,278710,2021-03-05,2020-03-05,365
JSLHISAR,89,555921,4870,278710,2021-03-05,2020-03-05,365
JSWENERGY,56,2916436,10150,1382457,2021-03-05,2020-03-05,365
JSWHL,2504,1905,328,1318,2021-03-05,2020-03-05,365
JSWISPL,19,406804,689,290877,2021-03-05,2020-03-05,365
JSWSTEEL,276,9516449,66580,2043632,2021-03-05,2020-03-05,365
JTEKTINDIA,71,493913,4128,219242,2021-03-05,2020-03-05,365
JUBLFOOD,2127,1179721,57044,277004,2021-03-05,2020-03-05,365
JUBLINDS,152,45386,1141,20585,2021-03-05,2020-03-05,365
JUBLPHARMA,673,502379,16685,217395,2021-03-05,2020-03-05,365
JUMPNET,49,1015078,2611,604561,2021-03-05,2020-03-05,365
JUNIORBEES,290,102989,3068,68010,2021-03-05,2020-03-05,365
JUSTDIAL,479,2680803,52270,357266,2021-03-05,2020-03-05,365
JYOTHYLAB,132,604984,9990,282289,2021-03-05,2020-03-05,365
KABRAEXTRU,72,63984,1005,33104,2021-03-05,2020-03-05,365
KAJARIACER,538,418749,13115,231280,2021-03-05,2020-03-05,365
KAKATCEM,153,26425,730,13343,2021-03-05,2020-03-05,365
KALPATPOWR,264,464624,9956,252366,2021-03-05,2020-03-05,365
KAMATHOTEL,30,154182,979,67706,2021-03-05,2020-03-05,365
KAMDHENU,82,65702,888,35863,2021-03-05,2020-03-05,365
KANANIIND,3,14125,38,10845,2021-03-05,2020-03-05,365
KANPRPLA,129,54972,789,24828,2021-03-05,2021-01-01,63
KANSAINER,482,315452,10080,199976,2021-03-05,2020-03-05,365
KARDA,120,66017,472,35273,2021-03-05,2020-03-05,365
KARURVYSYA,36,2602867,9488,1251051,2021-03-05,2020-03-05,365
KAUSHALYA,1,15482,28,12576,2021-03-05,2020-03-05,365
KAYA,230,34997,1192,20438,2021-03-05,2020-03-05,365
KCP,60,504026,2923,233876,2021-03-05,2020-03-05,365
KCPSUGIND,15,367156,1014,173488,2021-03-05,2020-03-05,365
KDDL,178,5876,210,4005,2021-03-05,2020-03-05,365
KEC,304,463238,11452,234754,2021-03-05,2020-03-05,365
KECL,12,86754,335,60518,2021-03-05,2020-03-05,365
KEERTI,26,56346,254,18640,2021-03-05,2020-11-13,112
KEI,377,253993,9642,129395,2021-03-05,2020-03-05,365
KELLTONTEC,46,977882,2998,479321,2021-03-05,2020-03-05,365
KENNAMET,793,7535,618,4477,2021-03-05,2020-03-05,365
KESORAMIND,42,630225,3334,284935,2021-03-05,2020-03-05,365
KEYFINSERV,54,4349,85,2904,2021-03-05,2020-05-27,282
KHADIM,114,171574,3229,72027,2021-03-05,2020-03-05,365
KHAICHEM,24,436057,2722,174239,2021-03-05,2020-10-30,126
KHANDSE,11,5931,46,4088,2021-03-05,2020-03-11,359
KICL,1311,1723,202,1082,2021-03-05,2020-03-05,365
KILITCH,93,21638,560,10284,2021-03-05,2020-03-05,365
KINGFA,503,11902,848,5839,2021-03-05,2020-03-05,365
KIOCL,112,69723,1409,38680,2021-03-05,2020-03-05,365
KIRIINDUS,438,166044,4865,65097,2021-03-05,2020-03-05,365
KIRLFER,94,113023,1916,65683,2021-03-05,2020-03-05,365
KIRLOSBROS,120,158385,2793,66960,2021-03-05,2020-03-05,365
KIRLOSENG,114,194765,2493,109314,2021-03-05,2020-03-05,365
KIRLOSIND,685,4183,489,2047,2021-03-05,2020-03-05,365
KITEX,104,164097,2099,83545,2021-03-05,2020-03-05,365
KKCL,787,2022,342,1120,2021-03-05,2020-03-05,365
KMSUGAR,10,342064,665,194114,2021-03-05,2020-03-05,365
KNRCON,246,383631,8830,153903,2021-03-05,2020-03-05,365
KOKUYOCMLN,58,261561,2407,105157,2021-03-05,2020-03-05,365
KOLTEPATIL,182,167111,3879,56785,2021-03-05,2020-03-05,365
KOPRAN,77,391021,3190,199864,2021-03-05,2020-03-05,365
KOTAKBANK,1512,5764445,173125,2536049,2021-03-05,2020-03-05,365
KOTAKBKETF,253,293726,1458,199455,2021-03-05,2020-03-05,365
KOTAKGOLD,430,64935,1265,43229,2021-03-05,2020-03-05,365
KOTAKNIFTY,121,193761,846,133008,2021-03-05,2020-03-05,365
KOTAKNV20,60,12685,113,8375,2021-03-05,2020-03-05,365
KOTAKPSUBK,152,28386,442,17136,2021-03-05,2020-03-05,365
KOTARISUG,15,172231,431,88331,2021-03-05,2020-03-05,365
KOTHARIPET,17,74666,296,48352,2021-03-05,2020-03-05,365
KOTHARIPRO,61,13172,254,8013,2021-03-05,2020-03-05,365
KPITTECH,90,817114,8526,430814,2021-03-05,2020-03-05,365
KPRMILL,632,48502,2979,24861,2021-03-05,2020-03-05,365
KRBL,236,439154,7242,216628,2021-03-05,2020-03-05,365
KREBSBIO,91,26945,518,14064,2021-03-05,2020-03-05,365
KRIDHANINF,3,94002,123,78263,2021-03-05,2020-03-05,365
KRISHANA,70,1716,32,1024,2021-03-05,2021-02-02,31
KSB,537,37879,2191,18902,2021-03-05,2020-03-05,365
KSCL,508,305709,10534,123872,2021-03-05,2020-03-05,365
KSL,216,137413,3611,60224,2021-03-05,2020-03-05,365
KTKBANK,48,3034883,9877,1201301,2021-03-05,2020-03-05,365
KUANTUM,165,26578,386,14318,2021-03-05,2020-03-05,365
L&TFH,73,17904755,54574,4316735,2021-03-05,2020-03-05,365
LALPATHLAB,1932,185578,16812,83785,2021-03-05,2020-03-05,365
LAMBODHARA,32,34049,342,16247,2021-03-05,2020-03-05,365
LAOPALA,199,171806,4210,85376,2021-03-05,2020-03-05,365
LASA,70,192651,1973,92137,2021-03-05,2020-05-27,282
LAURUSLABS,535,2659660,47109,1115307,2021-03-05,2020-03-05,365
LAXMIMACH,3716,10520,2039,5732,2021-03-05,2020-03-05,365
LEMONTREE,30,2664757,7989,1491711,2021-03-05,2020-03-05,365
LFIC,59,2243,38,1340,2021-03-05,2020-03-05,365
LGBBROSLTD,244,81229,2390,38110,2021-03-05,2020-03-05,365
LIBERTSHOE,132,252392,3914,73362,2021-03-05,2020-03-05,365
LICHSGFIN,311,6369740,70316,1579416,2021-03-05,2020-03-05,365
LICNETFGSC,22,14861,94,12442,2021-03-05,2020-03-05,365
LICNETFN50,122,1392,111,736,2021-03-05,2020-03-05,365
LICNETFSEN,441,236,54,115,2021-03-05,2020-03-05,365
LICNFNHGP,121,798,45,377,2021-03-05,2020-03-05,365
LINCOLN,201,166062,3438,71213,2021-03-05,2020-03-05,365
LINCPEN,163,6714,213,4016,2021-03-05,2020-03-05,365
LINDEINDIA,771,97708,4992,40195,2021-03-05,2020-03-05,365
LIQUIDBEES,1000,996537,4050,777949,2021-03-05,2020-03-05,365
LIQUIDETF,1000,19246,106,14909,2021-03-05,2020-03-05,365
LOTUSEYE,30,16744,132,11324,2021-03-05,2020-03-05,365
LOVABLE,60,90418,1126,36095,2021-03-05,2020-03-05,365
LSIL,1,2014941,627,1362926,2021-03-05,2020-03-05,365
LT,1044,5480947,149044,2146354,2021-03-05,2020-03-05,365
LTI,2641,281206,31223,145453,2021-03-05,2020-03-05,365
LTTS,1689,207717,17163,99713,2021-03-05,2020-03-05,365
LUMAXIND,1256,7799,1025,4174,2021-03-05,2020-03-05,365
LUMAXTECH,98,116097,1821,48389,2021-03-05,2020-03-05,365
LUPIN,920,3701732,72015,840805,2021-03-05,2020-03-05,365
LUXIND,1330,63070,3842,18496,2021-03-05,2020-03-05,365
LYPSAGEMS,3,32376,84,25370,2021-03-05,2020-03-05,365
M&M,598,6759489,106506,1989730,2021-03-05,2020-03-05,365
M100,18,124547,518,91589,2021-03-05,2020-03-05,365
M50,114,6070,52,5371,2021-03-05,2020-03-05,365
MAANALU,71,43025,814,18876,2021-03-05,2020-03-05,365
MADHAV,30,35980,306,16722,2021-03-05,2020-03-05,365
MADHUCON,3,35809,69,31604,2021-03-05,2020-03-05,365
MAESGETF,24,98749,181,95375,2021-03-05,2020-11-24,101
MAGADSUGAR,108,35002,662,20911,2021-03-05,2020-03-05,365
MAGMA,38,1426374,4236,860516,2021-03-05,2020-03-05,365
MAGNUM,5,37980,74,28366,2021-03-05,2020-03-06,364
MAHABANK,12,4618290,6465,1909761,2021-03-05,2020-03-05,365
MAHASTEEL,98,21427,421,10946,2021-03-05,2020-05-27,282
MAHEPC,143,207961,3622,79509,2021-03-05,2020-03-05,365
MAHESHWARI,155,62748,871,22455,2021-03-05,2020-03-05,365
MAHINDCIE,129,279995,3736,163097,2021-03-05,2020-03-05,365
MAHLIFE,275,70462,3040,41074,2021-03-05,2020-03-05,365
MAHLOG,346,94192,3764,51009,2021-03-05,2020-03-05,365
MAHSCOOTER,3019,12218,1721,6320,2021-03-05,2020-03-05,365
MAHSEAMLES,242,113033,2642,54981,2021-03-05,2020-03-05,365
MAITHANALL,494,56860,2778,28068,2021-03-05,2020-03-05,365
MALUPAPER,27,52740,376,22513,2021-03-05,2020-03-05,365
MAN50ETF,118,37753,130,31681,2021-03-05,2020-03-05,365
MANAKALUCO,7,32856,111,26160,2021-03-05,2020-03-05,365
MANAKCOAT,5,26304,54,15602,2021-03-05,2020-03-05,365
MANAKSIA,43,82478,677,47140,2021-03-05,2020-05-27,282
MANAKSTEEL,13,45176,175,33216,2021-03-05,2020-03-05,365
MANALIPETC,27,1064293,3594,506042,2021-03-05,2020-03-05,365
MANAPPURAM,152,8813931,47314,1981504,2021-03-05,2020-03-05,365
MANGALAM,122,98524,1441,55135,2021-03-05,2020-03-05,365
MANGCHEFER,39,870236,5822,434665,2021-03-05,2020-03-05,365
MANGLMCEM,202,105355,1793,59141,2021-03-05,2020-03-05,365
MANGTIMBER,8,6519,33,5774,2021-03-05,2020-03-05,365
MANINDS,59,426614,3290,171067,2021-03-05,2020-03-05,365
MANINFRA,25,636637,2397,285947,2021-03-05,2020-03-05,365
MANUGRAPH,10,13011,68,10703,2021-03-05,2020-03-05,365
MANXT50,277,3727,49,2971,2021-03-05,2020-03-05,365
MARATHON,62,42677,362,28751,2021-03-05,2020-03-05,365
MARICO,357,3174587,42565,1130826,2021-03-05,2020-03-05,365
MARINE,191,184493,973,75982,2021-03-05,2020-12-02,93
MARKSANS,42,2246057,7913,1114358,2021-03-05,2020-03-05,365
MARUTI,6505,1383755,118194,358303,2021-03-05,2020-03-05,365
MASFIN,778,30231,2366,16972,2021-03-05,2020-03-05,365
MASTEK,706,201797,9500,71971,2021-03-05,2020-03-05,365
MATRIMONY,586,32341,1660,19051,2021-03-05,2020-03-05,365
MAWANASUG,27,133779,702,77432,2021-03-05,2020-03-05,365
MAXHEALTH,140,822099,10479,462919,2021-03-05,2020-09-04,182
MAXIND,60,492772,2706,271398,2021-03-05,2020-09-11,175
MAXVIL,39,156909,895,93100,2021-03-05,2020-03-05,365
MAYURUNIQ,245,122474,3611,71098,2021-03-05,2020-03-05,365
MAZDA,416,9468,577,5224,2021-03-05,2020-03-05,365
MBLINFRA,11,149898,326,98226,2021-03-05,2020-03-05,365
MCDHOLDING,25,47916,335,29553,2021-03-05,2020-03-05,365
MCDOWELL-N,564,3015258,59397,952208,2021-03-05,2020-03-05,365
MCL,77,21023,219,12522,2021-03-05,2020-08-19,198
MCLEODRUSS,17,608232,967,407096,2021-03-05,2020-03-05,365
MCX,1475,337429,19859,136550,2021-03-05,2020-03-05,365
MEGASOFT,8,72145,185,52297,2021-03-05,2020-03-05,365
MEGH,66,1694367,8643,587646,2021-03-05,2020-03-05,365
MENONBE,41,83659,931,42999,2021-03-05,2020-03-05,365
MEP,16,322173,684,215167,2021-03-05,2020-03-05,365
METROPOLIS,1728,143033,10832,78220,2021-03-05,2020-03-05,365
MFSL,580,1831053,37397,538936,2021-03-05,2020-03-05,365
MGEL,47,16269,141,12399,2021-03-05,2020-12-23,72
MGL,971,992581,33704,275668,2021-03-05,2020-03-05,365
MHRIL,179,103833,2342,62757,2021-03-05,2020-03-05,365
MIDHANI,199,984065,14193,343063,2021-03-05,2020-03-05,365
MINDACORP,75,971778,6186,422116,2021-03-05,2020-03-05,365
MINDAIND,346,291932,9326,126574,2021-03-05,2020-03-05,365
MINDTECK,30,21425,227,15506,2021-03-05,2020-03-05,365
MINDTREE,1222,1195608,39728,267668,2021-03-05,2020-03-05,365
MIRZAINT,48,555420,3412,207002,2021-03-05,2020-03-05,365
MITTAL,46,84190,424,46730,2021-03-05,2020-04-29,310
MMFL,301,24442,856,15361,2021-03-05,2020-03-05,365
MMP,75,18192,182,13864,2021-03-05,2020-03-05,365
MMTC,20,2964183,6403,787161,2021-03-05,2020-03-05,365
MOHITIND,4,4215,18,3774,2021-03-05,2020-03-05,365
MOIL,137,546976,8247,208398,2021-03-05,2020-03-05,365
MOLDTECH,39,55179,570,29676,2021-03-05,2020-03-05,365
MOLDTKPAC,258,52562,1875,27785,2021-03-05,2020-03-05,365
MONTECARLO,185,62019,1784,28280,2021-03-05,2020-03-05,365
MORARJEE,10,10621,59,7908,2021-03-05,2020-03-05,365
MOREPENLAB,24,2616371,6217,1131181,2021-03-05,2020-03-05,365
MOTHERSUMI,119,19534076,88173,5151334,2021-03-05,2020-03-05,365
MOTILALOFS,603,138934,5648,77988,2021-03-05,2020-03-05,365
MOTOGENFIN,22,6837,85,4187,2021-03-05,2020-03-05,365
MPHASIS,1173,425078,22594,225515,2021-03-05,2020-03-05,365
MPSLTD,341,14377,805,9184,2021-03-05,2020-03-05,365
MRF,67989,26082,13444,6134,2021-03-05,2020-03-05,365
MRPL,32,2012905,6919,782303,2021-03-05,2020-03-05,365
MSPL,7,27004,91,20421,2021-03-05,2020-03-05,365
MSTCLTD,158,587336,10367,194114,2021-03-05,2020-03-05,365
MTEDUCARE,11,150840,370,106281,2021-03-05,2020-03-05,365
MTNL,10,2133988,9132,917736,2021-03-05,2020-03-05,365
MUKANDENGG,10,7296,51,6102,2021-03-05,2020-03-05,365
MUKANDLTD,40,74711,463,48495,2021-03-05,2020-03-05,365
MUKTAARTS,27,21546,206,11816,2021-03-05,2020-03-05,365
MUNJALAU,50,499449,3425,164949,2021-03-05,2020-03-05,365
MUNJALSHOW,117,70986,1341,33054,2021-03-05,2020-03-05,365
MURUDCERA,17,160506,664,79857,2021-03-05,2020-03-05,365
MUTHOOTCAP,372,37455,1536,20759,2021-03-05,2020-03-05,365
MUTHOOTFIN,1080,2606096,82322,685217,2021-03-05,2020-03-05,365
N100,807,57936,1989,43583,2021-03-05,2020-03-05,365
NACLIND,36,117455,703,71390,2021-03-05,2020-03-05,365
NAGAFERT,4,232275,325,186089,2021-03-05,2020-03-06,364
NAGREEKCAP,6,1070,4,989,2021-03-05,2020-03-05,365
NAGREEKEXP,14,16761,105,9840,2021-03-05,2020-03-05,365
NAHARCAP,69,7807,158,4614,2021-03-05,2020-03-05,365
NAHARINDUS,27,15963,177,9160,2021-03-05,2020-03-05,365
NAHARPOLY,66,54664,655,30244,2021-03-05,2020-03-05,365
NAHARSPING,43,30696,341,20243,2021-03-05,2020-03-05,365
NAM-INDIA,285,1321289,26238,549528,2021-03-05,2020-03-05,365
NATCOPHARM,774,471134,17131,204651,2021-03-05,2020-03-05,365
NATHBIOGEN,286,59229,1498,33838,2021-03-05,2020-03-05,365
NATIONALUM,36,17612081,32342,5086974,2021-03-05,2020-03-05,365
NAUKRI,3505,577636,46067,174439,2021-03-05,2020-03-05,365
NAVINFLUOR,2013,160059,15177,75569,2021-03-05,2020-03-05,365
NAVKARCORP,29,682535,2759,286818,2021-03-05,2020-03-05,365
NAVNETEDUL,77,132130,2043,75675,2021-03-05,2020-03-05,365
NBCC,26,12887917,30847,4596499,2021-03-05,2020-03-05,365
NBIFIN,1585,1055,53,983,2021-03-05,2020-03-05,365
NBVENTURES,52,883686,5140,438773,2021-03-05,2020-03-05,365
NCC,40,18228579,34250,4503763,2021-03-05,2020-03-05,365
NCLIND,107,436037,4371,188926,2021-03-05,2020-03-05,365
NCPSESDL24,103,24908,10,23778,2021-03-05,2020-11-18,107
NDGL,592,495,61,221,2021-03-05,2020-03-05,365
NDL,22,67740,370,42926,2021-03-05,2020-03-05,365
NDRAUTO,190,14101,425,7447,2021-03-05,2020-08-13,204
NDTV,35,57924,486,36398,2021-03-05,2020-03-05,365
NECCLTD,9,73390,154,53828,2021-03-05,2020-03-05,365
NECLIFE,19,691472,2027,310189,2021-03-05,2020-03-05,365
NELCAST,53,285404,2280,101688,2021-03-05,2020-03-05,365
NELCO,196,143098,3274,52410,2021-03-05,2020-03-05,365
NEOGEN,652,59738,3429,26888,2021-03-05,2020-05-27,282
NESCO,511,119552,5052,44965,2021-03-05,2020-03-05,365
NESTLEIND,16773,151392,33908,67888,2021-03-05,2020-03-05,365
NETF,130,1182,42,699,2021-03-05,2020-03-05,365
NETFCONSUM,56,6831,82,5299,2021-03-05,2020-03-05,365
NETFDIVOPP,29,2113,40,1584,2021-03-05,2020-03-05,365
NETFIT,22,1060388,1441,909170,2021-03-05,2020-07-01,247
NETFLTGILT,22,51814,207,43260,2021-03-05,2020-03-05,365
NETFMID150,65,206514,563,172686,2021-03-05,2020-03-05,365
NETFNIF100,122,1316,53,978,2021-03-05,2020-03-05,365
NETFNV20,61,7910,71,5750,2021-03-05,2020-03-05,365
NETWORK18,34,1843103,4690,915165,2021-03-05,2020-03-05,365
NEULANDLAB,919,139117,7292,60380,2021-03-05,2020-03-05,365
NEWGEN,209,126768,4175,56312,2021-03-05,2020-03-05,365
NEXTMEDIA,5,9384,39,8392,2021-03-05,2020-03-05,365
NFL,33,2158697,7121,659534,2021-03-05,2020-03-05,365
NH,341,247983,8482,163036,2021-03-05,2020-03-05,365
NHPC,21,7286514,12677,3828835,2021-03-05,2020-03-05,365
NIACL,118,733718,10272,224322,2021-03-05,2020-03-05,365
NIFTYBEES,124,2450311,12914,1155239,2021-03-05,2020-03-05,365
NIITLTD,130,1044851,11616,362880,2021-03-05,2020-03-05,365
NILKAMAL,1294,23039,2244,8997,2021-03-05,2020-03-05,365
NIPPOBATRY,561,3592,379,1828,2021-03-05,2020-03-05,365
NIRAJ,44,29695,170,23263,2021-03-05,2020-10-01,155
NITCO,19,65707,345,43035,2021-03-05,2020-03-05,365
NITINSPIN,42,84760,751,53172,2021-03-05,2020-03-05,365
NKIND,17,1837,22,1414,2021-03-05,2020-03-05,365
NLCINDIA,49,1069064,5700,566315,2021-03-05,2020-03-05,365
NMDC,93,9314914,36876,2841384,2021-03-05,2020-03-05,365
NOCIL,120,2051099,16034,647867,2021-03-05,2020-03-05,365
NOIDATOLL,4,94591,148,75096,2021-03-05,2020-03-05,365
NORBTEAEXP,6,3313,24,2815,2021-03-05,2020-03-06,364
NOVARTIND,652,15737,1008,8341,2021-03-05,2020-10-05,151
NPBET,136,1075,31,769,2021-03-05,2020-03-05,365
NRAIL,199,29405,953,17840,2021-03-05,2020-03-05,365
NRBBEARING,81,444684,4482,195395,2021-03-05,2020-03-05,365
NSIL,762,1650,217,923,2021-03-05,2020-03-05,365
NTL,1,27586,33,24226,2021-03-05,2020-03-05,365
NTPC,93,28407432,87157,10679173,2021-03-05,2020-03-05,365
NUCLEUS,434,150435,5483,53724,2021-03-05,2020-03-05,365
NXTDIGITAL,487,5774,386,3138,2021-03-05,2020-03-05,365
OAL,360,41064,1805,20430,2021-03-05,2020-03-05,365
OBEROIRLTY,430,516011,17481,247992,2021-03-05,2020-03-05,365
OCCL,768,12385,1088,6824,2021-03-05,2020-03-05,365
OFSS,2866,66335,7748,41166,2021-03-05,2020-03-05,365
OIL,97,1816276,13790,695641,2021-03-05,2020-03-05,365
OLECTRA,85,247908,2459,147323,2021-03-05,2020-03-05,365
OMAXAUTO,37,42979,598,23562,2021-03-05,2020-03-05,365
OMAXE,103,328294,1777,145785,2021-03-05,2020-03-05,365
OMINFRAL,17,89849,349,61116,2021-03-05,2020-03-05,365
ONEPOINT,13,28260,79,21925,2021-03-05,2020-03-05,365
ONGC,82,29054894,103052,9225180,2021-03-05,2020-03-05,365
ONMOBILE,43,533087,3225,269748,2021-03-05,2020-03-05,365
ONWARDTEC,66,96409,1348,38118,2021-03-05,2020-03-05,365
OPTIEMUS,65,64025,459,45502,2021-03-05,2020-03-05,365
ORBTEXP,63,31449,514,15799,2021-03-05,2020-03-05,365
ORIENTABRA,19,106484,537,61922,2021-03-05,2020-03-05,365
ORIENTALTL,9,69839,149,55484,2021-03-05,2020-03-05,365
ORIENTBELL,117,61519,1161,31571,2021-03-05,2020-03-05,365
ORIENTCEM,67,734537,5270,372605,2021-03-05,2020-03-05,365
ORIENTELEC,205,405622,8616,236165,2021-03-05,2020-03-05,365
ORIENTHOT,21,59667,390,38274,2021-03-05,2020-03-05,365
ORIENTLTD,79,985,43,637,2021-03-05,2020-03-05,365
ORIENTPPR,19,825750,2439,395583,2021-03-05,2020-03-05,365
ORIENTREF,188,105140,2190,67808,2021-03-05,2020-03-05,365
ORISSAMINE,1995,17335,2464,7182,2021-03-05,2020-03-05,365
OSWALAGRO,9,102564,371,66711,2021-03-05,2020-03-05,365
PAGEIND,21644,49408,14777,15426,2021-03-05,2020-03-05,365
PAISALO,395,57729,838,39670,2021-03-05,2020-03-05,365
PALASHSECU,30,6055,41,5260,2021-03-05,2020-03-05,365
PANACEABIO,186,244621,4354,100273,2021-03-05,2020-03-05,365
PANACHE,46,16530,85,7680,2021-03-05,2020-03-05,365
PANAMAPET,64,158647,1746,81050,2021-03-05,2020-03-05,365
PARACABLES,7,270933,463,162926,2021-03-05,2020-03-05,365
PARAGMILK,100,712504,6706,333490,2021-03-05,2020-03-05,365
PARSVNATH,3,126874,152,95773,2021-03-05,2020-03-05,365
PATELENG,13,489230,1163,283294,2021-03-05,2020-03-05,365
PATINTLOG,22,59752,391,35201,2021-03-05,2020-03-05,365
PATSPINLTD,5,6290,18,5065,2021-03-05,2020-03-05,365
PCJEWELLER,18,3232808,7355,1403178,2021-03-05,2020-03-05,365
PDMJEPAPER,17,183958,591,105900,2021-03-05,2020-03-05,365
PDSMFL,362,6970,169,6256,2021-03-05,2020-03-05,365
PEARLPOLY,16,12210,71,8702,2021-03-05,2020-03-05,365
PEL,1309,1974606,64504,316272,2021-03-05,2020-03-05,365
PENIND,18,295997,998,182673,2021-03-05,2020-03-05,365
PENINLAND,5,213472,258,149714,2021-03-05,2020-03-05,365
PERSISTENT,1026,174020,11658,98196,2021-03-05,2020-03-05,365
PETRONET,241,4403887,49947,2107403,2021-03-05,2020-03-05,365
PFC,98,7436200,38180,2462638,2021-03-05,2020-03-05,365
PFIZER,4622,86472,12354,33706,2021-03-05,2020-03-05,365
PFOCUS,37,137597,866,76879,2021-03-05,2020-03-05,365
PFS,16,1289274,2402,735637,2021-03-05,2020-03-05,365
PGHH,10625,9328,2354,5335,2021-03-05,2020-03-05,365
PGHL,5182,19942,3966,11512,2021-03-05,2020-03-05,365
PGIL,141,9562,326,6110,2021-03-05,2020-03-05,365
PHILIPCARB,127,1558390,15535,484137,2021-03-05,2020-03-05,365
PHOENIXLTD,642,266331,12184,153567,2021-03-05,2020-03-05,365
PIDILITIND,1521,947538,39889,322210,2021-03-05,2020-03-05,365
PIIND,1889,349058,30381,213145,2021-03-05,2020-03-05,365
PILANIINVS,1654,3738,523,1880,2021-03-05,2020-03-05,365
PILITA,7,206302,340,116750,2021-03-05,2020-03-05,365
PIONDIST,111,17935,287,9134,2021-03-05,2020-05-27,282
PIONEEREMB,26,45940,368,28025,2021-03-05,2020-03-05,365
PITTIENG,38,158665,1375,43953,2021-03-05,2020-03-05,365
PLASTIBLEN,192,23791,740,11824,2021-03-05,2020-03-05,365
PNB,33,69454626,79749,14169284,2021-03-05,2020-03-05,365
PNBGILTS,39,721947,2834,317452,2021-03-05,2020-03-05,365
PNBHOUSING,289,627165,10687,252742,2021-03-05,2020-03-05,365
PNC,15,24656,152,14738,2021-03-05,2020-03-05,365
PNCINFRA,160,520714,8161,271026,2021-03-05,2020-03-05,365
PODDARMENT,172,15064,569,7109,2021-03-05,2020-03-05,365
POKARNA,136,98003,1435,63434,2021-03-05,2020-03-05,365
POLYCAB,915,376104,17763,172267,2021-03-05,2020-03-05,365
POLYMED,417,181139,6134,66052,2021-03-05,2020-03-05,365
POLYPLEX,630,150001,5951,72060,2021-03-05,2020-03-05,365
PONNIERODE,149,11763,449,5702,2021-03-05,2020-03-05,365
POWERGRID,179,12479827,68833,6363237,2021-03-05,2020-03-05,365
POWERINDIA,1021,62784,2831,44860,2021-03-05,2020-04-17,322
POWERMECH,420,67626,2725,32597,2021-03-05,2020-03-05,365
PPAP,210,47592,1239,24171,2021-03-05,2020-03-05,365
PPL,71,129326,1437,72404,2021-03-05,2020-03-05,365
PRABHAT,66,84314,724,55853,2021-03-05,2020-03-05,365
PRAENG,7,38193,98,29188,2021-03-05,2020-03-05,365
PRAJIND,82,1974886,13649,587857,2021-03-05,2020-03-05,365
PRAKASH,41,832544,3804,472884,2021-03-05,2020-03-05,365
PRAKASHSTL,1,277012,116,224691,2021-03-05,2020-08-18,199
PRECAM,35,328216,1997,174906,2021-03-05,2020-03-05,365
PRECOT,34,3446,34,2721,2021-03-05,2020-03-05,365
PRECWIRE,122,41104,942,21087,2021-03-05,2020-03-05,365
PREMEXPLN,119,24926,486,16639,2021-03-05,2020-03-05,365
PREMIERPOL,28,26615,220,13340,2021-03-05,2020-03-05,365
PRESSMN,19,58799,328,38857,2021-03-05,2020-03-05,365
PRESTIGE,234,714414,14953,310773,2021-03-05,2020-03-05,365
PRICOLLTD,47,534132,2545,292828,2021-03-05,2020-03-05,365
PRIMESECU,42,39891,357,28833,2021-03-05,2020-03-05,365
PRINCEPIPE,199,344765,6903,175702,2021-03-05,2020-03-05,365
PRIVISCL,553,41804,2241,22747,2021-03-05,2020-03-05,365
PROZONINTU,18,224783,787,142716,2021-03-05,2020-03-05,365
PRSMJOHNSN,62,480313,4202,228712,2021-03-05,2020-03-05,365
PSB,13,790555,1444,352972,2021-03-05,2020-03-05,365
PSPPROJECT,400,61961,1999,22402,2021-03-05,2020-03-05,365
PSUBNKBEES,17,445137,785,316082,2021-03-05,2020-03-05,365
PTC,51,2007367,9314,1033881,2021-03-05,2020-03-05,365
PTL,38,52494,528,31572,2021-03-05,2020-03-05,365
PUNJABCHEM,584,9340,622,5336,2021-03-05,2020-03-05,365
PURVA,53,232829,1870,101410,2021-03-05,2020-03-05,365
QGOLDHALF,2128,1737,142,1387,2021-03-05,2020-03-05,365
QNIFTY,1204,78,12,56,2021-03-05,2020-03-05,365
QUESS,402,324720,10942,181527,2021-03-05,2020-03-05,365
QUICKHEAL,134,545776,8085,163698,2021-03-05,2020-03-05,365
RADICO,408,569402,13592,219444,2021-03-05,2020-03-05,365
RADIOCITY,18,846308,1879,499311,2021-03-05,2020-03-05,365
RAILTEL,155,48093860,359268,12769627,2021-03-05,2021-02-26,7
RAIN,102,2177194,15926,691581,2021-03-05,2020-03-05,365
RAJESHEXPO,492,150023,7202,65389,2021-03-05,2020-03-05,365
RAJMET,72,3692,57,2719,2021-03-05,2021-02-16,17
RAJRATAN,362,13121,663,7234,2021-03-05,2020-05-22,287
RAJSREESUG,15,31662,184,18118,2021-03-05,2020-03-05,365
RAJTV,35,11543,154,5621,2021-03-05,2020-03-05,365
RALLIS,260,773522,14919,307162,2021-03-05,2020-03-05,365
RAMANEWS,14,74315,266,43283,2021-03-05,2020-03-05,365
RAMCOCEM,725,845607,20467,240496,2021-03-05,2020-03-05,365
RAMCOIND,182,93147,1860,46956,2021-03-05,2020-03-05,365
RAMCOSYS,323,324826,5376,148510,2021-03-05,2020-03-05,365
RAMKY,36,125949,761,75002,2021-03-05,2020-03-05,365
RANASUG,6,522440,544,311281,2021-03-05,2020-03-05,365
RANEENGINE,212,9660,410,3124,2021-03-05,2020-03-05,365
RANEHOLDIN,471,36451,1924,15519,2021-03-05,2020-03-05,365
RATNAMANI,1253,23722,2434,13615,2021-03-05,2020-03-05,365
RAYMOND,291,979544,16265,337320,2021-03-05,2020-03-05,365
RBL,595,30423,2081,7793,2021-03-05,2020-03-05,365
RBLBANK,187,26658762,148743,3700299,2021-03-05,2020-03-05,365
RCF,47,3325250,12646,1018501,2021-03-05,2020-03-05,365
RCOM,2,13975702,21865,8389179,2021-03-05,2020-03-05,365
RECLTD,112,7850196,36828,2326475,2021-03-05,2020-03-05,365
REDINGTON,113,760218,11169,349431,2021-03-05,2020-03-05,365
REFEX,61,201981,2015,103512,2021-03-05,2020-03-05,365
RELAXO,694,267394,14361,122841,2021-03-05,2020-03-05,365
RELCAPITAL,8,3256455,3364,1661978,2021-03-05,2020-03-05,365
RELIANCE,1840,18523406,421714,5607915,2021-03-05,2020-03-05,365
RELIGARE,46,620034,2344,383615,2021-03-05,2020-03-05,365
RELINFRA,25,3022920,6337,1584784,2021-03-05,2020-03-05,365
REMSONSIND,84,7630,198,3362,2021-03-05,2020-03-05,365
RENUKA,9,2226403,2056,1244894,2021-03-05,2020-03-05,365
REPCOHOME,185,401602,6927,220960,2021-03-05,2020-03-05,365
REPL,146,23333,259,19377,2021-03-05,2020-12-14,81
REPRO,378,6115,489,3280,2021-03-05,2020-03-05,365
RESPONIND,122,195705,2200,37100,2021-03-05,2020-03-05,365
REVATHI,427,5032,369,1870,2021-03-05,2020-03-05,365
RGL,253,9247,387,5099,2021-03-05,2020-03-05,365
RHFL,2,1439003,945,889159,2021-03-05,2020-03-05,365
RICOAUTO,31,703228,3305,320898,2021-03-05,2020-03-05,365
RIIL,359,371598,9011,79639,2021-03-05,2020-03-05,365
RITES,249,576698,11529,236019,2021-03-05,2020-03-05,365
RKDL,7,25898,91,16323,2021-03-05,2020-03-05,365
RKEC,51,58758,555,33134,2021-03-05,2020-12-18,77
RKFORGE,308,82693,1827,39487,2021-03-05,2020-03-05,365
RML,222,35155,1360,13735,2021-03-05,2020-03-05,365
ROHLTD,60,192530,1778,62703,2021-03-05,2020-03-05,365
ROLTA,5,405196,4936,297208,2021-03-05,2020-03-05,365
ROSSARI,831,721916,25553,145817,2021-03-05,2020-07-23,225
ROSSELLIND,96,20686,364,14620,2021-03-05,2020-03-05,365
ROUTE,1121,1548969,58963,332090,2021-03-05,2020-09-21,165
RPGLIFE,326,84604,3032,31831,2021-03-05,2020-03-05,365
RPOWER,3,20158635,13506,10145836,2021-03-05,2020-03-05,365
RPPINFRA,53,87138,755,45343,2021-03-05,2020-03-05,365
RPSGVENT,221,82150,2241,42962,2021-03-05,2020-03-05,365
RSSOFTWARE,20,42928,260,29255,2021-03-05,2020-03-05,365
RSWM,90,29017,564,20030,2021-03-05,2020-03-05,365
RSYSTEMS,105,51675,948,26076,2021-03-05,2020-03-05,365
RTNINFRA,6,832651,687,507595,2021-03-05,2020-05-27,282
RTNPOWER,2,13883277,4606,6730269,2021-03-05,2020-03-05,365
RUBYMILLS,165,6893,299,3534,2021-03-05,2020-03-05,365
RUCHI,856,68799,3929,36560,2021-03-05,2020-06-16,262
RUCHIRA,50,82534,899,46677,2021-03-05,2020-03-05,365
RUPA,201,97104,2285,38840,2021-03-05,2020-03-05,365
RUSHIL,118,50176,961,23306,2021-03-05,2020-03-05,365
RVHL,24,116047,700,63728,2021-03-05,2021-01-04,60
RVNL,21,7805200,16929,2963023,2021-03-05,2020-03-05,365
SABEVENTS,1,6796,13,6300,2021-03-05,2020-03-06,364
SADBHAV,52,748480,3943,437529,2021-03-05,2020-03-05,365
SADBHIN,18,464282,1159,286308,2021-03-05,2020-03-05,365
SAFARI,444,19437,1126,10915,2021-03-05,2020-03-05,365
SAGARDEEP,88,48160,461,27616,2021-03-05,2020-05-27,282
SAGCEM,513,41644,2163,18537,2021-03-05,2020-03-05,365
SAIL,42,42517365,60720,10710041,2021-03-05,2020-03-05,365
SAKAR,74,32062,313,16713,2021-03-05,2020-03-05,365
SAKHTISUG,9,107031,321,64640,2021-03-05,2020-03-05,365
SAKSOFT,269,57016,2231,20909,2021-03-05,2020-03-05,365
SAKUMA,6,440645,676,275001,2021-03-05,2020-03-05,365
SALASAR,199,71091,1273,24385,2021-03-05,2020-03-05,365
SALONA,59,2736,71,1062,2021-03-05,2020-03-05,365
SALSTEEL,3,44469,83,33417,2021-03-05,2020-03-05,365
SALZERELEC,96,73906,1393,33137,2021-03-05,2020-03-05,365
SAMBHAAV,2,38875,54,32267,2021-03-05,2020-03-05,365
SANCO,12,146717,337,77468,2021-03-05,2020-03-05,365
SANDESH,534,1712,239,826,2021-03-05,2020-03-05,365
SANDHAR,212,38166,1552,21935,2021-03-05,2020-03-05,365
SANGHIIND,28,1561507,4285,800288,2021-03-05,2020-03-05,365
SANGHVIMOV,80,39141,589,29111,2021-03-05,2020-03-05,365
SANGINITA,63,53726,340,36885,2021-03-05,2020-03-05,365
SANOFI,7976,29796,6130,17349,2021-03-05,2020-03-05,365
SARDAEN,237,98879,2941,41473,2021-03-05,2020-03-05,365
SAREGAMA,571,48829,2542,21252,2021-03-05,2020-03-05,365
SARLAPOLY,19,174981,685,107424,2021-03-05,2020-03-05,365
SASKEN,607,51474,3132,16895,2021-03-05,2020-03-05,365
SASTASUNDR,99,29878,533,19161,2021-03-05,2020-03-05,365
SATIA,91,95888,1123,27969,2021-03-05,2020-03-05,365
SATIN,74,249903,2074,157929,2021-03-05,2020-03-05,365
SBICARD,778,2666017,102505,1134425,2021-03-05,2020-03-16,354
SBIETFIT,240,3140,103,2093,2021-03-05,2020-10-22,134
SBIETFPB,171,2397,60,1845,2021-03-05,2020-10-22,134
SBIETFQLTY,105,4529,112,3428,2021-03-05,2020-03-05,365
SBILIFE,815,1678387,60754,835768,2021-03-05,2020-03-05,365
SBIN,228,63557490,339133,14044673,2021-03-05,2020-03-05,365
SCHAEFFLER,3903,14887,2791,10615,2021-03-05,2020-03-05,365
SCHAND,66,186421,1500,95848,2021-03-05,2020-03-05,365
SCHNEIDER,84,525179,5043,204980,2021-03-05,2020-03-05,365
SCI,61,3186579,14116,1025414,2021-03-05,2020-03-05,365
SDBL,43,232018,1491,142209,2021-03-05,2020-06-16,262
SEAMECLTD,392,38589,1188,12761,2021-03-05,2020-03-05,365
SECURKLOUD,80,73867,953,51691,2021-03-05,2020-09-15,171
SELAN,108,77952,1486,31775,2021-03-05,2020-03-05,365
SEQUENT,137,1268988,11101,579351,2021-03-05,2020-03-05,365
SESHAPAPER,141,72168,1284,35575,2021-03-05,2020-03-05,365
SETCO,11,133700,387,93964,2021-03-05,2020-03-05,365
SETF10GILT,200,865,25,726,2021-03-05,2020-03-05,365
SETFGOLD,4401,16749,1818,12221,2021-03-05,2020-03-05,365
SETFNIF50,121,380793,1722,279237,2021-03-05,2020-03-05,365
SETFNIFBK,250,162363,1527,110668,2021-03-05,2020-03-05,365
SETFNN50,288,14158,295,11204,2021-03-05,2020-03-05,365
SEYAIND,65,38497,466,25074,2021-03-05,2020-03-05,365
SFL,1515,23381,2911,13468,2021-03-05,2020-03-05,365
SGL,8,44426,164,28924,2021-03-05,2020-03-05,365
SHAKTIPUMP,239,131591,3535,65359,2021-03-05,2020-03-05,365
SHALBY,85,419177,4603,155431,2021-03-05,2020-03-05,365
SHALPAINTS,72,224109,2390,96625,2021-03-05,2020-03-05,365
SHANKARA,336,105289,3773,37122,2021-03-05,2020-03-05,365
SHANTIGEAR,99,115007,1569,51363,2021-03-05,2020-03-05,365
SHARDACROP,243,67500,2324,32061,2021-03-05,2020-03-05,365
SHARDAMOTR,1160,5649,732,3077,2021-03-05,2020-03-05,365
SHAREINDIA,151,32591,466,18734,2021-03-05,2020-09-21,165
SHARIABEES,293,1157,43,938,2021-03-05,2020-03-05,365
SHEMAROO,64,76180,820,50354,2021-03-05,2020-03-05,365
SHIL,112,200436,2179,134249,2021-03-05,2020-03-05,365
SHILPAMED,456,373527,11413,157522,2021-03-05,2020-03-05,365
SHIVAMAUTO,17,97768,394,70630,2021-03-05,2020-03-05,365
SHIVATEX,96,5722,119,4207,2021-03-05,2020-03-05,365
SHK,90,1033852,9655,451383,2021-03-05,2020-03-05,365
SHOPERSTOP,189,268587,4562,117179,2021-03-05,2020-03-05,365
SHREDIGCEM,48,1068636,4552,472595,2021-03-05,2020-03-05,365
SHREECEM,22044,68954,18552,20570,2021-03-05,2020-03-05,365
SHREEPUSHK,107,74648,1490,42460,2021-03-05,2020-03-05,365
SHREERAMA,6,61276,153,42388,2021-03-05,2020-03-05,365
SHRENIK,22,771279,796,524322,2021-03-05,2020-03-05,365
SHREYANIND,79,39451,707,20763,2021-03-05,2020-03-05,365
SHREYAS,62,55454,541,38319,2021-03-05,2020-03-05,365
SHRIRAMCIT,926,57697,4350,29505,2021-03-05,2020-03-05,365
SHRIRAMEPC,4,325531,342,233207,2021-03-05,2020-03-05,365
SHYAMCENT,4,57314,139,44397,2021-03-05,2020-03-05,365
SICAGEN,13,21033,122,14985,2021-03-05,2020-03-05,365
SICAL,11,314945,640,216829,2021-03-05,2020-03-05,365
SIEMENS,1320,646740,31503,157041,2021-03-05,2020-03-05,365
SIGIND,22,36690,340,20270,2021-03-05,2020-03-05,365
SILGO,57,300382,2085,140062,2021-03-05,2021-03-03,2
SILINV,147,7368,208,5284,2021-03-05,2020-03-05,365
SIMBHALS,7,23973,81,17597,2021-03-05,2020-03-05,365
SIMPLEXINF,32,222469,958,154924,2021-03-05,2020-03-05,365
SINTERCOM,81,6707,33,5737,2021-03-05,2020-10-07,149
SIS,396,119680,5243,62276,2021-03-05,2020-03-05,365
SITINET,1,10561154,781,7058708,2021-03-05,2020-03-05,365
SIYSIL,154,134221,2548,56702,2021-03-05,2020-03-05,365
SJVN,23,2172289,5412,1200554,2021-03-05,2020-03-05,365
SKFINDIA,1630,51360,3988,33635,2021-03-05,2020-03-05,365
SKIPPER,45,140926,1060,89621,2021-03-05,2020-03-05,365
SKMEGGPROD,42,69272,667,34582,2021-03-05,2020-03-05,365
SMARTLINK,72,28736,452,12456,2021-03-05,2020-03-05,365
SMLISUZU,414,59284,2688,20695,2021-03-05,2020-03-05,365
SMSLIFE,447,19260,901,8803,2021-03-05,2020-03-05,365
SMSPHARMA,79,389445,3292,183846,2021-03-05,2020-03-05,365
SNOWMAN,40,2161696,8704,878938,2021-03-05,2020-03-05,365
SOBHA,283,400648,11010,175227,2021-03-05,2020-03-05,365
SOLARA,916,125090,7328,50459,2021-03-05,2020-03-05,365
SOLARINDS,1038,35944,2111,25554,2021-03-05,2020-03-05,365
SOMANYCERA,206,132402,2921,79266,2021-03-05,2020-03-05,365
SONATSOFTW,302,500912,13177,186340,2021-03-05,2020-03-05,365
SORILINFRA,79,131183,1848,58110,2021-03-05,2020-03-05,365
SOTL,708,11064,869,6551,2021-03-05,2020-03-05,365
SOUTHBANK,7,19366674,41541,8756437,2021-03-05,2020-03-05,365
SOUTHWEST,31,54663,162,43203,2021-03-05,2020-03-05,365
SPAL,112,60332,1118,38312,2021-03-05,2020-03-05,365
SPANDANA,623,59985,3339,38271,2021-03-05,2020-03-05,365
SPARC,163,1050425,12410,299446,2021-03-05,2020-03-05,365
SPECIALITY,36,107552,760,64108,2021-03-05,2020-03-05,365
SPENCERS,81,1137921,8543,352668,2021-03-05,2020-03-05,365
SPIC,20,546683,1718,233675,2021-03-05,2020-03-05,365
SPICEJET,60,5455956,23277,2099362,2021-03-05,2020-03-05,365
SPLIL,30,59382,508,32948,2021-03-05,2020-03-05,365
SPMLINFRA,9,32984,114,24577,2021-03-05,2020-03-05,365
SPTL,2,2067553,749,1318009,2021-03-05,2020-03-05,365
SREEL,135,17575,396,11652,2021-03-05,2020-03-05,365
SREINFRA,6,1695766,1568,1047686,2021-03-05,2020-03-05,365
SRF,4354,265200,23400,66554,2021-03-05,2020-03-05,365
SRHHYPOLTD,170,27823,835,15185,2021-03-05,2020-03-05,365
SRIPIPES,155,176785,3438,100210,2021-03-05,2020-03-05,365
SRTRANSFIN,837,4916976,101367,929038,2021-03-05,2020-03-05,365
SSWL,478,48637,2390,20059,2021-03-05,2020-03-05,365
STAR,606,1085631,26378,267889,2021-03-05,2020-03-05,365
STARCEMENT,86,365241,2956,127055,2021-03-05,2020-03-05,365
STARPAPER,99,196471,2901,65827,2021-03-05,2020-03-05,365
STCINDIA,59,64421,898,26822,2021-03-05,2020-03-05,365
STEELCITY,30,18802,109,13695,2021-03-05,2020-03-05,365
STEELXIND,32,91160,362,62932,2021-03-05,2020-03-05,365
STERTOOLS,176,25182,757,14360,2021-03-05,2020-03-05,365
STLTECH,139,1886741,19021,597210,2021-03-05,2020-03-05,365
SUBEXLTD,27,8387071,15559,3824058,2021-03-05,2020-11-19,106
SUBROS,237,122115,3311,50655,2021-03-05,2020-03-05,365
SUDARSCHEM,441,267258,7636,100304,2021-03-05,2020-03-05,365
SUMICHEM,273,574358,8540,286596,2021-03-05,2020-03-05,365
SUMIT,9,37035,119,25268,2021-03-05,2020-08-18,199
SUMMITSEC,406,3601,220,2686,2021-03-05,2020-03-05,365
SUNCLAYLTD,1969,7354,931,3795,2021-03-05,2020-03-05,365
SUNDARAM,1,244672,151,177953,2021-03-05,2020-03-05,365
SUNDARMFIN,1513,79028,6235,48243,2021-03-05,2020-03-05,365
SUNDARMHLD,57,164031,1102,102944,2021-03-05,2020-03-05,365
SUNDRMBRAK,247,6147,344,3068,2021-03-05,2020-03-05,365
SUNDRMFAST,437,136814,6856,77928,2021-03-05,2020-03-05,365
SUNFLAG,45,592244,3271,227203,2021-03-05,2020-03-05,365
SUNPHARMA,510,10835635,136513,2530966,2021-03-05,2020-03-05,365
SUNTECK,257,529285,9612,159846,2021-03-05,2020-03-05,365
SUNTV,431,2874590,39158,559632,2021-03-05,2020-03-05,365
SUPERHOUSE,93,49666,852,19150,2021-03-05,2020-03-05,365
SUPERSPIN,4,33931,78,24389,2021-03-05,2020-03-05,365
SUPPETRO,245,88441,2085,56232,2021-03-05,2020-03-05,365
SUPRAJIT,174,285311,5769,145218,2021-03-05,2020-03-05,365
SUPREMEENG,26,44491,94,29068,2021-03-05,2020-12-04,91
SUPREMEIND,1369,89721,9166,54275,2021-03-05,2020-03-05,365
SURANAT&P,4,127406,210,76129,2021-03-05,2020-03-05,365
SURYALAXMI,20,14433,146,10216,2021-03-05,2020-03-05,365
SURYAROSNI,196,169796,3613,85845,2021-03-05,2020-03-05,365
SUTLEJTEX,28,162339,682,116493,2021-03-05,2020-03-05,365
SUVEN,52,891154,4656,450433,2021-03-05,2020-03-05,365
SUVENPHAR,448,386147,14720,207977,2021-03-05,2020-03-24,346
SUZLON,4,17652807,19723,9180028,2021-03-05,2020-03-05,365
SWANENERGY,126,147044,2916,30335,2021-03-05,2020-03-05,365
SWARAJENG,1328,10629,1338,6671,2021-03-05,2020-03-05,365
SWELECTES,130,20692,457,12897,2021-03-05,2020-03-05,365
SWSOLAR,207,463071,6886,255357,2021-03-05,2020-03-05,365
SYMPHONY,916,84067,6602,34671,2021-03-05,2020-03-05,365
SYNGENE,472,640357,21639,353007,2021-03-05,2020-03-05,365
TAINWALCHM,55,29327,473,11980,2021-03-05,2020-03-05,365
TAJGVK,134,161006,2972,60134,2021-03-05,2020-03-05,365
TAKE,50,1258776,5957,571541,2021-03-05,2020-03-05,365
TALBROAUTO,123,65444,1403,23926,2021-03-05,2020-03-05,365
TANLA,316,457415,6329,245907,2021-03-05,2020-03-05,365
TARC,27,881129,2670,578439,2021-03-05,2021-01-04,60
TARMAT,36,32817,325,18778,2021-03-05,2020-03-05,365
TASTYBITE,11423,2124,914,1040,2021-03-05,2020-03-05,365
TATACHEM,363,4017234,49704,835779,2021-03-05,2020-03-05,365
TATACOFFEE,95,1209455,9116,403769,2021-03-05,2020-03-05,365
TATACOMM,769,219484,7908,126879,2021-03-05,2020-03-05,365
TATACONSUM,472,4718815,77700,2051179,2021-03-05,2020-03-05,365
TATAELXSI,1374,670988,33274,144064,2021-03-05,2020-03-05,365
TATAINVEST,849,33460,2440,15066,2021-03-05,2020-03-05,365
TATAMETALI,546,157186,6768,48860,2021-03-05,2020-03-05,365
TATAMOTORS,150,78490505,289332,10515508,2021-03-05,2020-03-05,365
TATAMTRDVR,62,7796763,25853,2750160,2021-03-05,2020-03-05,365
TATAPOWER,56,32677278,61748,7562368,2021-03-05,2020-03-05,365
TATASTEEL,441,17554302,169567,3109697,2021-03-05,2020-03-05,365
TATASTLBSL,27,3852649,6275,1657492,2021-03-05,2020-03-05,365
TATASTLLP,386,129737,4413,52244,2021-03-05,2020-03-05,365
TBZ,41,472654,3453,165915,2021-03-05,2020-03-05,365
TCI,209,62751,1561,38852,2021-03-05,2020-03-05,365
TCIDEVELOP,294,1288,170,609,2021-03-05,2020-03-05,365
TCIEXP,769,32706,2887,17400,2021-03-05,2020-03-05,365
TCIFINANCE,5,10365,42,8528,2021-03-05,2020-03-05,365
TCNSBRANDS,394,76960,2364,48811,2021-03-05,2020-03-05,365
TCPLPACK,319,8670,391,5062,2021-03-05,2020-03-05,365
TCS,2436,4173437,165228,1677467,2021-03-05,2020-03-05,365
TDPOWERSYS,116,65038,1090,36312,2021-03-05,2020-03-05,365
TEAMLEASE,2216,28748,3759,17305,2021-03-05,2020-03-05,365
TECHM,747,5070873,104881,1903530,2021-03-05,2020-03-05,365
TECHNOE,214,102257,2127,50458,2021-03-05,2020-03-05,365
TEJASNET,96,628897,5725,349178,2021-03-05,2020-03-05,365
TERASOFT,30,87930,673,41478,2021-03-05,2020-03-05,365
TEXINFRA,41,138654,689,92658,2021-03-05,2020-03-05,365
TEXMOPIPES,16,153788,659,84938,2021-03-05,2020-03-05,365
TEXRAIL,26,887124,3366,413084,2021-03-05,2020-03-05,365
TFCILTD,41,463870,2109,261597,2021-03-05,2020-03-05,365
TGBHOTELS,4,18372,54,15334,2021-03-05,2020-03-05,365
THANGAMAYL,394,50291,2241,20549,2021-03-05,2020-03-05,365
THEINVEST,111,6834,150,4879,2021-03-05,2020-03-05,365
THEMISMED,341,13982,580,7684,2021-03-05,2020-03-05,365
THERMAX,828,93741,4781,61861,2021-03-05,2020-03-05,365
THOMASCOOK,35,742197,3814,448607,2021-03-05,2020-03-05,365
THYROCARE,768,234217,10884,83268,2021-03-05,2020-03-05,365
TI,20,179166,628,109382,2021-03-05,2020-03-05,365
TIDEWATER,4141,2445,644,1357,2021-03-05,2020-03-05,365
TIIL,294,21607,720,14227,2021-03-05,2020-03-05,365
TIINDIA,606,182491,6759,134934,2021-03-05,2020-03-05,365
TIL,146,10423,400,5911,2021-03-05,2020-03-05,365
TIMESGTY,23,3514,57,2283,2021-03-05,2020-03-05,365
TIMETECHNO,41,611902,3005,306771,2021-03-05,2020-03-05,365
TIMKEN,1049,50909,4284,29177,2021-03-05,2020-03-05,365
TINPLATE,130,698716,10116,190739,2021-03-05,2020-03-05,365
TIRUMALCHM,70,760243,5353,309712,2021-03-05,2020-03-05,365
TITAN,1178,3302224,101363,881099,2021-03-05,2020-03-05,365
TMRVL,10,61562,292,43528,2021-03-05,2020-03-05,365
TNPETRO,37,405777,2296,179399,2021-03-05,2020-03-05,365
TNPL,113,361579,4575,150326,2021-03-05,2020-03-05,365
TOKYOPLAST,64,12951,248,7266,2021-03-05,2020-03-05,365
TORNTPHARM,2552,667239,38755,207814,2021-03-05,2020-03-05,365
TORNTPOWER,321,1541533,19309,425566,2021-03-05,2020-03-05,365
TOTAL,52,33632,271,25984,2021-03-05,2020-08-28,189
TPLPLASTEH,118,12891,376,5485,2021-03-05,2020-03-05,365
TREEHOUSE,6,56005,227,42344,2021-03-05,2020-03-05,365
TREJHARA,19,27568,177,20018,2021-03-05,2020-03-05,365
TRENT,623,821381,28117,469630,2021-03-05,2020-03-05,365
TRF,80,49386,827,22220,2021-03-05,2020-03-05,365
TRIDENT,8,15903678,23862,6831888,2021-03-05,2020-03-05,365
TRIGYN,49,86847,685,54149,2021-03-05,2020-03-05,365
TRIL,10,275544,672,155873,2021-03-05,2020-03-05,365
TRITURBINE,75,209600,2372,110654,2021-03-05,2020-03-05,365
TRIVENI,62,634245,4276,329563,2021-03-05,2020-03-05,365
TTKHLTCARE,472,4554,392,2445,2021-03-05,2020-03-05,365
TTKPRESTIG,5651,11837,2534,6030,2021-03-05,2020-03-05,365
TTL,37,19410,292,10343,2021-03-05,2020-03-05,365
TV18BRDCST,28,6869351,10663,2961219,2021-03-05,2020-03-05,365
TVSELECT,96,106586,1589,47321,2021-03-05,2020-03-05,365
TVSMOTOR,436,3285345,42654,628824,2021-03-05,2020-03-05,365
TVSSRICHAK,1494,24397,2640,6953,2021-03-05,2020-03-05,365
TVTODAY,209,94170,2290,49958,2021-03-05,2020-03-05,365
TVVISION,2,10304,18,9581,2021-03-05,2020-03-05,365
TWL,42,526430,3218,220244,2021-03-05,2020-03-05,365
UBL,1043,725194,25641,197446,2021-03-05,2020-03-05,365
UCALFUEL,115,75991,1767,28426,2021-03-05,2020-03-05,365
UCOBANK,13,3840216,7483,1362581,2021-03-05,2020-03-05,365
UFLEX,286,216358,4988,83380,2021-03-05,2020-03-05,365
UFO,78,269381,3138,118976,2021-03-05,2020-03-05,365
UGARSUGAR,14,252703,825,125977,2021-03-05,2020-03-05,365
UJJIVAN,229,2958195,26991,416225,2021-03-05,2020-03-05,365
UJJIVANSFB,34,2308505,8647,1080039,2021-03-05,2020-03-05,365
ULTRACEMCO,4397,690108,55796,239757,2021-03-05,2020-03-05,365
UMANGDAIRY,47,47052,597,20567,2021-03-05,2020-03-05,365
UNICHEMLAB,220,151805,3420,66800,2021-03-05,2020-03-05,365
UNIDT,266,19706,366,9941,2021-03-05,2020-09-25,161
UNIENTER,61,19761,393,11230,2021-03-05,2020-03-05,365
UNIONBANK,29,7336305,14804,2172086,2021-03-05,2020-03-05,365
UNITEDTEA,285,4051,192,2132,2021-03-05,2020-03-05,365
UNIVCABLES,125,42103,969,22278,2021-03-05,2020-03-05,365
UNIVPHOTO,131,7313,167,5727,2021-03-05,2020-03-05,365
UPL,455,7712994,105680,2076374,2021-03-05,2020-03-05,365
USHAMART,23,851129,1811,545821,2021-03-05,2020-03-05,365
UTIAMC,543,542239,20085,294209,2021-03-05,2020-10-12,144
UTIBANKETF,257,13240,188,8383,2021-03-05,2020-09-04,182
UTINEXT50,291,2943,51,2632,2021-03-05,2020-03-05,365
UTINIFTETF,1242,6660,72,6232,2021-03-05,2020-03-05,365
UTISENSETF,425,2439,110,1738,2021-03-05,2020-03-05,365
UTISXN50,295,821,36,593,2021-03-05,2020-03-05,365
UTTAMSUGAR,81,81041,1235,32113,2021-03-05,2020-03-05,365
V2RETAIL,64,110305,992,67058,2021-03-05,2020-03-05,365
VADILALIND,676,12209,672,7225,2021-03-05,2020-03-05,365
VAIBHAVGBL,1754,29146,3677,19897,2021-03-05,2020-03-05,365
VAKRANGEE,36,3295296,7284,1901062,2021-03-05,2020-03-05,365
VALIANTORG,2400,21948,2606,13235,2021-03-05,2020-10-05,151
VARDHACRLC,31,51219,262,33444,2021-03-05,2020-03-05,365
VARDMNPOLY,10,51989,220,30365,2021-03-05,2020-03-05,365
VARROC,278,299958,7407,155826,2021-03-05,2020-03-05,365
VASCONEQ,10,304953,597,198786,2021-03-05,2020-03-05,365
VASWANI,5,15455,48,12060,2021-03-05,2020-03-05,365
VBL,749,322500,15202,179373,2021-03-05,2020-03-05,365
VEDL,122,29723227,99044,8861298,2021-03-05,2020-03-05,365
VENKEYS,1325,160811,11069,36354,2021-03-05,2020-03-05,365
VENUSREM,120,57179,853,36409,2021-03-05,2020-03-05,365
VERTOZ,161,118770,1000,52690,2021-03-05,2020-05-14,295
VESUVIUS,946,10636,577,8119,2021-03-05,2020-03-05,365
VETO,57,59081,540,37226,2021-03-05,2020-03-05,365
VGUARD,182,715478,11570,328795,2021-03-05,2020-03-05,365
VHL,1251,711,125,457,2021-03-05,2020-03-05,365
VIDHIING,96,158047,2191,77317,2021-03-05,2020-03-05,365
VIJIFIN,1,191106,103,144178,2021-03-05,2020-03-05,365
VIKASECO,4,2140619,895,1399504,2021-03-05,2020-03-05,365
VIKASMCORP,7,9145303,6235,5064181,2021-03-05,2020-03-05,365
VIKASPROP,4,2235370,1856,1352422,2021-03-05,2020-03-05,365
VIKASWSP,5,411636,419,293675,2021-03-05,2020-03-05,365
VIMTALABS,117,143679,2135,54703,2021-03-05,2020-03-05,365
VINATIORGA,1093,146906,9172,64006,2021-03-05,2020-03-05,365
VINDHYATEL,725,20108,1375,9758,2021-03-05,2020-03-05,365
VINYLINDIA,96,219415,3198,74542,2021-03-05,2020-03-05,365
VIPIND,296,627708,14647,237741,2021-03-05,2020-03-05,365
VIPULLTD,16,23915,123,16860,2021-03-05,2020-03-05,365
VISAKAIND,305,72439,2444,37174,2021-03-05,2020-03-05,365
VISASTEEL,6,27711,94,20184,2021-03-05,2020-03-05,365
VISHAL,156,209499,1291,72885,2021-03-05,2020-08-31,186
VISHNU,146,25700,720,12210,2021-03-05,2020-03-05,365
VISHWARAJ,96,29323,409,15092,2021-03-05,2020-03-05,365
VIVIMEDLAB,16,343339,882,200198,2021-03-05,2020-03-05,365
VLSFINANCE,57,62846,708,34423,2021-03-05,2020-03-05,365
VMART,2006,30962,3768,16105,2021-03-05,2020-03-05,365
VOLTAMP,1069,16925,2185,8450,2021-03-05,2020-03-05,365
VOLTAS,687,2376022,46008,542692,2021-03-05,2020-03-05,365
VRLLOG,174,246614,5065,117623,2021-03-05,2020-03-05,365
VSSL,83,30361,442,21426,2021-03-05,2020-03-05,365
VSTIND,3368,13463,2122,8191,2021-03-05,2020-03-05,365
VSTTILLERS,1492,25629,2873,11823,2021-03-05,2020-03-05,365
VTL,818,41598,2943,28346,2021-03-05,2020-03-05,365
WABAG,164,520496,8637,222672,2021-03-05,2020-03-05,365
WABCOINDIA,6147,8001,1285,4774,2021-03-05,2020-03-05,365
WALCHANNAG,53,211724,2054,89275,2021-03-05,2020-03-05,365
WATERBASE,104,362957,4395,98049,2021-03-05,2020-03-05,365
WEALTH,130,5754,76,5322,2021-03-05,2021-01-21,43
WEBELSOLAR,26,143931,610,89026,2021-03-05,2020-03-05,365
WEIZMANIND,32,11519,128,6884,2021-03-05,2020-03-05,365
WELCORP,101,1298433,9696,697219,2021-03-05,2020-03-05,365
WELENT,70,221364,2050,126933,2021-03-05,2020-03-05,365
WELINV,255,1838,85,1202,2021-03-05,2020-03-05,365
WELSPUNIND,51,1181550,5194,790072,2021-03-05,2020-03-05,365
WENDT,2815,1700,328,798,2021-03-05,2020-03-05,365
WESTLIFE,374,280369,7870,143761,2021-03-05,2020-03-05,365
WHEELS,432,18428,1082,9256,2021-03-05,2020-03-05,365
WHIRLPOOL,2150,88726,8871,46533,2021-03-05,2020-03-05,365
WILLAMAGOR,18,13165,115,9358,2021-03-05,2020-03-05,365
WINDMACHIN,15,54324,194,30853,2021-03-05,2020-03-05,365
WIPRO,298,13683986,109456,3351534,2021-03-05,2020-03-05,365
WOCKPHARMA,336,899778,17913,263126,2021-03-05,2020-03-05,365
WONDERLA,165,100362,3234,48559,2021-03-05,2020-03-05,365
WORTH,49,33400,277,20725,2021-03-05,2020-08-04,213
WSI,3,9110,24,7981,2021-03-05,2020-05-28,281
WSTCSTPAPR,170,171485,3279,86055,2021-03-05,2020-03-05,365
XCHANGING,64,204425,1651,131222,2021-03-05,2020-03-05,365
XELPMOC,181,30989,1273,18359,2021-03-05,2020-03-05,365
XPROINDIA,25,12140,119,8070,2021-03-05,2020-03-05,365
YAARII,67,363581,2183,205431,2021-03-05,2020-03-05,365
YESBANK,20,147674304,150976,59316117,2021-03-05,2020-03-05,365
ZEEL,187,26280329,149732,4623076,2021-03-05,2020-03-05,365
ZEELEARN,13,986803,1864,538708,2021-03-05,2020-03-05,365
ZEEMEDIA,6,2539633,3828,1684808,2021-03-05,2020-03-05,365
ZENITHEXPO,44,2103,46,1233,2021-03-05,2020-03-05,365
ZENSARTECH,171,318475,6779,159820,2021-03-05,2020-03-05,365
ZENTEC,67,421671,3894,174942,2021-03-05,2020-03-05,365
ZODIACLOTH,110,44155,720,24897,2021-03-05,2020-03-05,365
ZODJRDMKJ,26,3376,89,1836,2021-03-05,2020-03-05,365
ZOTA,147,17370,252,8353,2021-03-05,2020-03-05,365
ZUARI,89,111811,1490,50259,2021-03-05,2020-03-05,365
ZYDUSWELL,1631,50690,4837,25718,2021-03-05,2020-03-05,365
